handle,Is Sybil? (T or F),"Confidence (low, so-so, high)",public_repos,public_gists,followers,following,information_count,account_age,time_since_updated
bhaumik,F,High,23,7,17,7,2,3182 days 05:57:45.504891,82 days 22:28:16.505436
amiic,F,so-so,0,0,0,0,0,248 days 03:50:45.504891,248 days 03:50:45.505436
jupiterr-chen,F,so-so,9,0,0,1,0,3312 days 19:55:48.504891,36 days 10:00:54.505436
gaojianclare,T,High,0,0,0,0,0,152 days 09:16:52.504891,152 days 09:16:52.505436
doublelou,F,Low,14,0,0,0,2,2467 days 16:46:49.504891,44 days 19:08:31.505436
rookie23,F,High,3,0,0,0,0,1463 days 00:45:17.504891,82 days 03:38:31.505436
gmifrfr,T,High,0,0,0,0,0,78 days 00:13:37.504891,44 days 05:09:10.505436
ssyahoo,T,so-so,0,0,0,0,0,238 days 16:09:36.504891,77 days 17:55:58.505436
mapl3sn0w,F,so-so,4,1,2,1,0,1269 days 21:35:52.504891,119 days 01:05:56.505436
phantom5031,T,High,0,0,0,0,0,78 days 08:47:18.504891,78 days 08:47:18.505436
dawsoncn,T,so-so,1,0,0,0,0,1486 days 13:49:11.504891,43 days 19:02:20.505436
roderikkk,F,so-so,1,0,0,0,0,246 days 05:30:02.504891,28 days 12:26:15.505436
zpunketh,T,High,0,0,0,0,0,77 days 09:31:22.504891,77 days 09:31:22.505436
jcarvajalmunera,T,so-so,0,0,0,0,0,268 days 02:35:26.504891,57 days 16:40:08.505436
yimaginst,F,Low,0,0,0,0,0,1480 days 19:36:12.504891,25 days 12:40:33.505436
skq4545,T,so-so,0,0,0,0,0,79 days 14:36:37.504891,79 days 14:36:37.505436
bennybolivar,F,High,3,0,0,1,5,1927 days 06:22:32.504891,1 days 08:55:27.505436
followthecoin7,F,so-so,0,0,0,0,0,890 days 03:21:53.504891,84 days 04:23:23.505436
ethereumgtb,F,so-so,0,0,0,0,0,274 days 06:50:05.504891,70 days 10:39:15.505436
parappa1,F,High,1,0,0,2,0,822 days 17:23:29.504891,122 days 08:58:40.505436
chrisde-a,F,so-so,0,0,0,0,0,94 days 00:16:17.504891,85 days 10:09:04.505436
buyige1991,F,High,0,0,0,0,0,346 days 20:38:00.504891,77 days 08:53:02.505436
fytts,F,so-so,0,0,0,0,0,1507 days 16:21:33.504891,5 days 09:14:05.505436
moxingixiaoma,F,High,0,0,0,0,0,242 days 12:47:06.504891,77 days 09:17:06.505436
13777466266,F,High,7,0,0,0,0,1416 days 18:58:21.504891,17 days 05:40:20.505436
wmike10,F,High,0,0,0,0,0,341 days 01:51:44.504891,19 days 17:14:52.505436
hakank07,F,so-so,0,0,0,0,0,343 days 02:52:56.504891,43 days 07:48:51.505436
jbjknt,T,Low,0,0,0,0,0,1850 days 17:43:32.504891,51 days 06:28:23.505436
keremyapar,F,High,3,0,0,0,0,1520 days 14:49:57.504891,14 days 10:14:52.505436
zjert1016,T,so-so,0,0,0,0,0,1560 days 18:39:52.504891,77 days 05:49:14.505436
drcrypto14,T,High,0,0,0,0,1,77 days 07:34:56.504891,77 days 07:09:00.505436
imnysc,T,High,0,0,0,0,0,77 days 10:39:27.504891,77 days 10:39:27.505436
mayxd,F,High,14,1,7,8,1,1353 days 15:59:45.504891,36 days 16:37:51.505436
grappeape,T,High,0,0,0,0,0,78 days 05:39:19.504891,78 days 05:39:19.505436
owtawa,T,High,0,0,0,0,0,79 days 11:48:00.504891,2 days 12:06:44.505436
fergthh,F,High,6,2,5,4,1,2663 days 19:09:41.504891,31 days 22:11:55.505436
gjmarsha,T,High,0,0,0,0,0,78 days 07:04:07.504891,59 days 03:47:50.505436
metaink2077,F,High,,,,,0,,
mucoozturk,T,High,0,0,0,0,0,91 days 11:11:05.504891,91 days 11:11:05.505436
blackmiaool,F,High,140,31,108,11,4,3049 days 17:38:57.504891,15 days 07:42:10.505436
vincentview,F,so-so,2,0,0,0,1,542 days 18:53:14.504891,77 days 08:05:08.505436
yekongxingle,F,High,10,0,1,19,1,1148 days 19:57:02.504891,0 days 08:49:04.505436
lacrissashontasia58,T,High,0,0,0,0,0,77 days 09:04:05.504891,77 days 09:04:05.505436
slmklc,F,so-so,0,0,0,0,0,775 days 22:57:56.504891,58 days 04:54:17.505436
zemberek82,T,so-so,1,0,0,0,1,256 days 06:34:03.504891,3 days 15:55:16.505436
celir,F,High,6,0,0,0,3,1955 days 20:59:37.504891,77 days 16:20:32.505436
xuchaowen008,T,so-so,0,0,0,0,0,141 days 08:15:35.504891,77 days 12:09:41.505436
rockxie,F,High,9,1,7,3,3,3778 days 16:42:24.504891,77 days 05:54:05.505436
petermoeller1984,T,High,0,0,0,0,0,79 days 06:40:23.504891,79 days 06:40:23.505436
383189580,T,High,2,0,0,0,0,211 days 08:50:17.504891,7 days 20:58:43.505436
markoaamunkajo,T,High,3,0,1,0,0,1015 days 17:05:02.504891,6 days 19:45:24.505436
fatih4402,T,so-so,0,0,0,0,0,256 days 01:44:56.504891,52 days 14:10:21.505436
navarrocol,F,so-so,0,1,0,0,0,319 days 03:48:18.504891,161 days 16:58:30.505436
perstarkse,F,High,9,0,0,0,0,686 days 04:27:15.504891,9 days 09:38:30.505436
pgtjq,T,High,3,0,0,0,0,2003 days 07:01:20.504891,78 days 18:11:02.505436
owocki,F,High,58,5,796,41,6,4089 days 22:48:43.504891,70 days 06:23:28.505436
johniohn,T,High,5,0,0,0,0,233 days 16:57:01.504891,155 days 16:12:14.505436
1lolguy1,T,High,0,0,0,0,0,78 days 22:09:16.504891,78 days 22:09:16.505436
0xgoddess,T,High,0,0,0,0,1,78 days 02:45:47.504891,72 days 02:12:28.505436
robocups,F,so-so,7,1,3,3,2,152 days 02:51:20.504891,12 days 03:00:45.505436
7catss,T,High,0,0,0,0,0,77 days 14:27:51.504891,77 days 14:27:51.505436
jiebaoking,F,so-so,3,0,0,0,1,1645 days 10:48:11.504891,44 days 09:46:56.505436
ssing2,T,High,17,0,4,2,5,2005 days 13:35:58.504891,39 days 12:55:36.505436
haliluya009,T,so-so,1,0,0,0,0,1545 days 06:56:06.504891,44 days 10:08:53.505436
lan658868,T,High,0,0,0,0,0,149 days 10:48:27.504891,61 days 10:46:07.505436
zeptimus,F,High,1,1,0,0,0,461 days 02:36:09.504891,56 days 10:47:26.505436
datsai6550,T,so-so,1,0,0,1,2,93 days 08:26:22.504891,93 days 08:18:49.505436
ahalftooth,T,High,0,0,0,0,0,90 days 01:49:51.504891,90 days 01:49:51.505436
genpo77,T,so-so,0,0,0,0,0,1304 days 22:31:28.504891,22 days 08:32:22.505436
jay7002,F,low,3,1,0,0,0,1465 days 19:04:35.504891,145 days 08:29:14.505436
gyvervick,T,low,0,0,0,0,1,2921 days 17:44:08.504891,78 days 04:58:54.505436
anonymousman9483,T,High,0,0,0,0,0,77 days 12:47:53.504891,77 days 12:47:53.505436
leonrzok,T,High,0,0,0,0,0,77 days 22:37:15.504891,77 days 22:37:15.505436
whateverright,T,so-so,0,0,0,0,0,78 days 09:57:56.504891,63 days 06:29:03.505436
weiyeyan,F,low,0,0,0,0,0,1498 days 15:13:09.504891,50 days 18:47:13.505436
tekima,T,High,2,0,0,0,0,1343 days 20:56:40.504891,77 days 20:41:22.505436
datudou1990,T,High,1,0,0,0,3,90 days 19:30:35.504891,42 days 12:57:47.505436
jerry738,T,High,4,0,1,1,0,294 days 18:01:38.504891,81 days 14:47:38.505436
jasonthewhale,F,so-so,6,0,0,0,3,344 days 19:30:53.504891,5 days 22:27:23.505436
ironpaul,F,low,0,0,0,0,2,503 days 19:08:18.504891,8 days 18:45:49.505436
hakanyk,T,High,0,0,0,0,0,139 days 14:01:51.504891,77 days 15:40:29.505436
myfeir,T,so-so,1,0,0,0,0,163 days 05:17:03.504891,59 days 15:05:08.505436
syahmi2007,T,so-so,0,0,0,0,0,922 days 11:52:51.504891,35 days 06:00:00.505436
liztdefi,F,low,1,0,0,0,0,148 days 22:21:32.504891,148 days 22:19:59.505436
ccnxabc,F,High,15,0,4,1,0,2427 days 22:03:05.504891,63 days 11:52:44.505436
higgszhou,T,so-so,1,0,0,0,0,579 days 12:10:19.504891,77 days 14:52:32.505436
409110763ty,T,High,0,0,0,0,0,77 days 08:49:11.504891,29 days 06:24:25.505436
mars-shen,F,so-so,8,1,3,9,4,3315 days 17:32:23.504891,59 days 15:01:12.505436
zcfrank1st,F,High,425,1,12,48,5,3557 days 20:18:06.504891,0 days 09:30:26.505436
haihanzhang,T,High,0,0,0,0,0,99 days 07:18:27.504891,44 days 06:13:18.505436
htjason9,F,low,1,0,0,0,0,357 days 20:37:30.504891,7 days 12:23:18.505436
kongtou11111,T,so-so,2,0,0,0,0,98 days 18:07:08.504891,98 days 18:03:31.505436
zkingong,T,,1,0,0,0,0,77 days 07:35:22.504891,75 days 19:32:38.505436
zzzi760,F,low,3,0,0,0,0,368 days 13:23:56.504891,15 days 08:00:35.505436
fa762,T,High,0,0,0,0,0,77 days 15:17:04.504891,77 days 15:17:04.505436
mfph400,T,High,,,,,0,,
chauvet23,T,low,,,,,0,,
liusky001,T,low,,,,,0,,
hamahdiyar,F,low,,,,,0,,
ricallj,F,so-so,,,,,0,,
drbalikci,T,so-so,,,,,0,,
vijayer,F,High,,,,,0,,
xuxiaofeng6,F,High,,,,,0,,
zhaorenzeng,F,High,,,,,0,,
ginoliuxy2021,T,High,,,,,0,,
hannahbroderick,F,High,,,,,0,,
longchao2020,F,so-so,,,,,0,,
nives247,F,so-so,,,,,0,,
yanming52520,T,High,,,,,0,,
chelseazhi,F,low,,,,,0,,
sorrowblood,T,so-so,,,,,0,,
kuba000721,T,so-so,,,,,0,,
karelnagel,F,High,,,,,0,,
jsartorius,F,so-so,,,,,0,,
coinprove,F,low,,,,,0,,
huluhah,T,so-so,,,,,0,,
silentzhou,F,so-so,,,,,0,,
backkem,F,High,,,,,0,,
mazhuping,F,so-so,,,,,0,,
ivor-l,T,so-so,,,,,0,,
gitcoin2,T,high,,,,,0,,
nicepone,F,so-so,,,,,0,,
bignfts,T,so-so,,,,,0,,
solmelo,T,so-so,,,,,0,,
rr168,T,high,,,,,0,,
scottzsh,T,high,,,,,0,,
yu114498755,F,so-so,,,,,0,,
cvjoint,F,so-so,6,4,15,0,1,1136 days 00:22:59.504891,17 days 06:51:35.505436
yang57689,F,so-so,9,0,0,0,0,291 days 07:05:37.504891,84 days 08:28:27.505436
starchesandveggies,T,high,0,0,0,0,0,78 days 20:52:21.504891,78 days 20:52:21.505436
15773221883,T,high,1,0,0,0,0,1098 days 20:19:19.504891,77 days 11:18:17.505436
wjc195,F,so-so,2,0,0,0,0,252 days 09:05:26.504891,77 days 18:05:09.505436
dotwing,F,so-so,2,0,0,0,0,92 days 21:21:36.504891,65 days 21:02:28.505436
gmertk,F,low,37,19,154,25,3,3874 days 14:15:58.504891,45 days 08:46:12.505436
kodiak-1988,T,so-so,3,0,0,0,1,1018 days 13:50:49.504891,40 days 07:46:32.505436
ruili88888,T,high,0,0,0,0,0,83 days 07:44:32.504891,83 days 07:44:32.505436
colinhzn,T,high,1,4,0,0,1,166 days 18:22:15.504891,44 days 18:53:50.505436
deficorner,F,low,0,0,0,2,0,429 days 17:18:29.504891,3 days 16:24:29.505436
orini,T,high,0,0,0,0,0,82 days 18:45:46.504891,59 days 10:57:01.505436
momear,T,high,0,0,0,0,0,99 days 18:51:05.504891,54 days 17:04:40.505436
fbembeyaz,T,high,1,0,0,0,1,836 days 14:03:06.504891,16 days 02:26:55.505436
ieperen,F,low,0,0,0,0,0,439 days 04:42:24.504891,243 days 06:27:54.505436
cerapot32,T,high,0,0,0,0,0,78 days 22:08:48.504891,78 days 22:08:48.505436
curi0n,T,high,0,0,0,0,0,95 days 04:45:47.504891,26 days 03:40:56.505436
thatguy1466,T,so-so,0,0,0,0,0,1324 days 07:01:10.504891,77 days 08:22:38.505436
alexdavidkim,T,so-so,5,0,0,2,1,649 days 06:24:51.504891,1 days 04:42:48.505436
yefeng519,F,so-so,4,0,0,0,1,1157 days 15:47:27.504891,67 days 09:08:48.505436
rollnze,F,so-so,0,0,0,0,0,297 days 07:59:32.504891,7 days 00:33:15.505436
long561064,T,so-so,6,0,0,0,0,480 days 07:23:54.504891,22 days 20:03:41.505436
quitosmg,F,low,7,0,0,7,3,1901 days 00:37:53.504891,78 days 05:02:09.505436
skgame4k,F,so-so,0,0,0,0,2,85 days 08:43:12.504891,36 days 19:28:30.505436
a29654776,T,so-so,0,1,0,0,0,1056 days 19:48:41.504891,47 days 19:04:40.505436
hzzouyh,T,so-so,23,0,1,0,1,1571 days 19:18:25.504891,43 days 09:04:31.505436
kimberlypadilla,T,so-so,1,0,0,0,0,265 days 16:02:27.504891,94 days 12:27:28.505436
jaswsunny,F,so-so,1,0,0,0,0,360 days 01:55:43.504891,34 days 01:31:26.505436
rjs9098,F,high,0,0,0,0,1,1446 days 18:06:10.504891,77 days 07:21:54.505436
larryflorio,F,low,4,0,15,18,2,225 days 07:39:40.504891,42 days 01:24:29.505436
hoavantruong,F,so-so,0,0,0,0,0,343 days 17:45:58.504891,77 days 16:06:15.505436
dbllll,T,high,0,0,0,0,0,78 days 14:43:14.504891,57 days 09:23:22.505436
cryptest0,T,so-so,0,0,0,0,0,156 days 08:03:57.504891,18 days 01:23:35.505436
angodshen,F,so-so,0,0,0,0,0,266 days 09:55:59.504891,246 days 16:39:29.505436
qwerlzq,F,so-so,0,0,0,0,1,1471 days 12:01:44.504891,35 days 09:50:48.505436
royalhatb,F,so-so,3,0,1,3,2,1316 days 06:07:27.504891,24 days 04:58:42.505436
zephyr1001,T,high,0,0,0,0,0,467 days 15:18:23.504891,7 days 18:12:44.505436
xlincn,F,so-so,1,0,16,72,0,4237 days 06:05:52.504891,59 days 12:59:29.505436
shayanb,F,low,160,21,251,250,6,4261 days 22:33:06.504891,5 days 01:25:02.505436
heheqqww,F,so-so,1,0,0,0,0,243 days 19:20:49.504891,54 days 10:31:56.505436
whoisivan,F,so-so,0,0,0,4,1,1987 days 23:10:40.504891,35 days 10:57:07.505436
qiaoyi950,T,so-so,0,0,0,0,1,252 days 16:58:53.504891,15 days 21:14:37.505436
beyondmtk,F,low,,,,,0,,
xinagxiang,T,high,0,0,0,0,0,99 days 14:15:19.504891,63 days 15:42:50.505436
pandabadger,F,low,4,1,0,0,0,1553 days 19:57:32.504891,206 days 06:41:10.505436
guldara,F,low,0,0,0,0,1,516 days 18:20:34.504891,99 days 08:03:38.505436
thame,F,low,25,3,12,12,1,4992 days 02:34:00.504891,9 days 07:47:10.505436
nothing549,T,high,1,0,0,0,0,721 days 10:40:57.504891,78 days 09:55:15.505436
1rvinc,F,so-so,0,0,1,0,0,337 days 08:46:43.504891,203 days 06:00:27.505436
vanlee-s,F,High,18,2,95,107,2,511 days 02:47:00.504891,22 days 06:49:13.505436
daabbb,F,so-so,2,0,0,0,1,1314 days 18:57:14.504891,27 days 03:37:20.505436
zb1093628138,T,so-so,1,0,9,131,2,148 days 14:44:00.504891,61 days 11:48:52.505436
binks1337,F,so-so,0,0,0,0,0,267 days 07:40:56.504891,245 days 06:32:30.505436
ffdouble,T,High,0,0,0,0,3,77 days 22:13:14.504891,77 days 22:11:13.505436
solarszled,T,High,0,0,0,0,0,94 days 13:19:16.504891,68 days 08:09:56.505436
hsngdr,F,High,6,0,6,6,0,1061 days 03:43:41.504891,0 days 10:01:24.505436
omgbenido,F,High,1,0,0,0,0,344 days 09:23:06.504891,84 days 09:10:53.505436
ipsilon-eth,F,High,0,0,0,0,0,77 days 14:45:05.504891,77 days 14:40:04.505436
hongxiaojun,F,High,34,2,2,61,4,1482 days 09:17:30.504891,77 days 09:57:21.505436
toicours,F,High,12,0,0,2,0,256 days 12:40:44.504891,7 days 05:59:47.505436
joblee333,F,High,2,0,2,3,0,253 days 08:49:36.504891,5 days 10:24:33.505436
metaversegaro,F,High,0,0,0,0,0,77 days 13:15:10.504891,60 days 21:37:49.505436
chinalollipop,F,so-so,20,0,1,0,2,2408 days 17:16:52.504891,35 days 11:39:30.505436
imgsu,F,high,1,0,0,0,0,250 days 00:15:50.504891,14 days 23:27:13.505436
linsola,F,so-so,11,1,4,8,0,1289 days 13:44:46.504891,102 days 04:30:24.505436
timitrend,F,so-so,0,0,0,0,0,359 days 23:18:03.504891,40 days 09:37:23.505436
stupidbug,F,low,5,0,0,0,1,733 days 16:12:42.504891,44 days 19:27:21.505436
mbeylin,F,high,14,9,41,2,1,2999 days 17:29:25.504891,2 days 05:56:11.505436
pm778,F,so-so,0,0,0,0,0,78 days 00:49:17.504891,78 days 00:49:17.505436
niktak11,F,so-so,0,0,1,0,0,2189 days 15:12:38.504891,146 days 23:10:46.505436
hommy-huang,F,so-so,2,0,0,0,0,259 days 01:50:14.504891,94 days 07:36:03.505436
odcpw,F,so-so,3,0,0,0,0,441 days 15:19:07.504891,46 days 09:23:03.505436
mrstillalive,F,high,8,1,0,0,3,392 days 15:37:24.504891,150 days 05:39:12.505436
luckisnow,F,low,5,0,1,7,1,2382 days 14:35:09.504891,3 days 10:41:04.505436
jhtwtpi,T,high,5,0,0,0,1,2026 days 04:10:42.504891,77 days 21:54:14.505436
js139240221,F,so-so,9,0,0,0,0,357 days 19:42:17.504891,100 days 12:35:46.505436
gatzz,F,so-so,15,5,0,0,0,2978 days 16:40:23.504891,36 days 08:35:10.505436
yixhawking,F,low,0,0,0,0,0,81 days 13:45:15.504891,81 days 13:45:15.505436
byri1986,F,low,15,0,0,0,0,453 days 13:26:25.504891,65 days 20:54:55.505436
best1219520,F,low,1,0,0,0,0,178 days 12:40:06.504891,77 days 14:03:15.505436
kares0x,F,low,3,0,1,1,2,2406 days 15:15:31.504891,31 days 04:49:55.505436
mostafahosseininezhad,F,low,,,,,0,,
mettete,F,low,,,,,0,,
supersuperfun,F,low,,,,,0,,
junweiup,F,low,,,,,0,,
descript,F,so-so,,,,,0,,
thinkblue1122,F,low,,,,,0,,
bfunk1,F,so-so,,,,,0,,
schwarze77,F,high,,,,,0,,
k0man4,F,high,,,,,0,,
fallowu,F,low,,,,,0,,
yibidiaozao,F,low,,,,,0,,
stan690883120,F,low,,,,,0,,
lovely1090,F,low,,,,,0,,
hermessimplex,F,so-so,,,,,0,,
gitcoin3,F,low,,,,,0,,
birdmore,F,low,,,,,0,,
kargakis,F,high,,,,,0,,
mariabelmonte18,F,low,,,,,0,,
490881961,F,low,,,,,0,,
vetri02,F,high,,,,,0,,
stwith,F,so-so,,,,,0,,
andrev976,F,low,,,,,0,,
macfeosfiamy,F,high,,,,,0,,
ziki06,F,low,,,,,0,,
luhan666666,T,so-so,,,,,0,,
zllzdd,F,low,,,,,0,,
andylovesnz,F,so-so,,,,,0,,
xiurugreen,F,so-so,,,,,0,,
17811889809,F,low,,,,,0,,
nirroolat,F,high,,,,,0,,
042au,T,so-so,,,,,0,,
jhaeyvhine2,T,high,,,,,0,,
birdbeyondl,F,low,,,,,0,,
woodstock-xkx,F,so-so,,,,,0,,
codegod888,T,high,,,,,0,,
con322,F,so-so,,,,,0,,
okhui1,T,high,,,,,0,,
yangmingming,F,high,,,,,0,,
ztomepic,F,high,,,,,0,,
villela9,T,high,,,,,0,,
nick90020888,T,high,,,,,0,,
lucarun,T,so-so,,,,,0,,
koishikoko,F,so-so,,,,,0,,
imnisen,F,so-so,,,,,0,,
applepiestep,T,high,,,,,0,,
yishumliao,F,so-so,,,,,0,,
raypok,T,high,0,2,0,0,3,1481 days 13:51:20.504891,38 days 23:57:28.505436
shintonylv,T,high,1,0,0,4,0,225 days 20:56:00.504891,41 days 12:42:52.505436
lautwein,F,low,0,0,3,6,3,3633 days 10:57:07.504891,2 days 02:43:47.505436
a186r,F,so-so,96,12,12,17,3,2609 days 09:45:19.504891,44 days 09:55:26.505436
soroushosanlou,T,high,1,0,1,1,0,528 days 17:07:31.504891,6 days 10:24:24.505436
gitofdw,T,so-so,3,0,0,1,0,1411 days 09:08:51.504891,44 days 15:15:50.505436
larrytc47,F,low,0,0,0,0,2,391 days 10:41:40.504891,48 days 21:28:49.505436
zoeywang502,T,high,0,0,0,0,0,203 days 16:24:45.504891,77 days 18:29:30.505436
jackyutopia,T,low,0,0,0,0,0,312 days 06:41:59.504891,78 days 09:26:08.505436
tc-troublemaker,T,high,1,0,0,0,0,310 days 21:11:48.504891,61 days 17:46:35.505436
joecallyou,T,high,2,0,0,0,0,455 days 19:41:04.504891,77 days 08:25:23.505436
kuangzhicheng203,F,so-so,3,0,0,0,5,323 days 17:13:05.504891,49 days 08:37:47.505436
oatmilk3,T,high,0,0,0,0,0,78 days 11:58:16.504891,78 days 11:58:16.505436
xiangqian021,F,low,5,1,0,0,1,3203 days 09:07:34.504891,22 days 05:00:42.505436
ximendaguanren86,T,high,0,0,0,0,0,282 days 13:52:07.504891,77 days 13:45:04.505436
congyue79,T,high,0,0,0,0,0,132 days 14:18:05.504891,35 days 09:23:47.505436
welove11,F,so-so,1,0,1,3,1,1973 days 15:24:01.504891,38 days 16:51:03.505436
darkvoyager,T,high,0,0,0,0,1,78 days 07:31:23.504891,78 days 03:13:56.505436
hibitcoin,F,low,0,0,0,0,1,89 days 14:45:39.504891,21 days 17:17:56.505436
chasepal,F,low,2,0,0,1,0,1655 days 10:16:02.504891,105 days 15:03:49.505436
circlree,T,high,,,,,0,,
miles0107,F,low,0,0,0,0,0,245 days 09:03:36.504891,160 days 06:39:16.505436
aceqiu,F,high,0,0,0,0,1,93 days 13:45:39.504891,42 days 12:52:19.505436
1989fengxue,F,low,0,1,0,0,1,1479 days 11:54:07.504891,44 days 17:54:43.505436
tshazz,F,so-so,0,0,0,0,0,148 days 07:18:03.504891,100 days 09:03:47.505436
matisyk,T,high,1,0,0,0,0,506 days 10:25:37.504891,77 days 20:04:25.505436
disifan,T,high,1,0,0,0,0,77 days 15:44:49.504891,20 days 19:00:00.505436
busegl,T,high,1,0,0,0,0,77 days 06:42:40.504891,70 days 11:13:41.505436
darknighte5a,F,low,0,0,0,1,2,148 days 03:54:32.504891,53 days 05:28:32.505436
petarstojkovski,T,low,0,0,0,0,0,2333 days 15:51:02.504891,78 days 06:55:02.505436
taresky,F,high,5,0,11,4,4,3205 days 11:18:00.504891,44 days 11:50:15.505436
felixjosemon,F,high,30,8,24,4,4,2571 days 09:33:29.504891,0 days 17:49:11.505436
riczhi,T,high,0,0,0,0,0,78 days 07:16:27.504891,78 days 07:16:27.505436
luke571,T,high,0,0,0,0,0,450 days 06:55:52.504891,246 days 12:23:09.505436
omureren,F,low,0,0,0,0,0,142 days 00:22:31.504891,32 days 08:11:42.505436
zkeducation,F,high,2,0,0,0,0,839 days 22:38:23.504891,72 days 16:18:33.505436
imbateddy,F,low,5,0,0,0,0,1805 days 20:26:16.504891,77 days 12:59:44.505436
marrrco76,T,low,1,0,0,0,0,85 days 10:33:14.504891,85 days 10:31:30.505436
msilight,T,high,,,,,0,,
dapang518518,F,low,4,0,0,0,1,517 days 21:00:25.504891,60 days 14:56:36.505436
springirl,T,high,0,0,0,0,0,77 days 11:07:35.504891,77 days 11:07:35.505436
cemozsa,T,low,1,0,0,0,0,78 days 07:42:44.504891,22 days 01:40:59.505436
wd398,T,low,0,0,0,0,1,85 days 15:05:51.504891,63 days 18:57:24.505436
liujonson,T,high,3,0,0,0,0,797 days 10:30:17.504891,61 days 12:41:42.505436
jksdf83243,T,low,0,0,0,0,0,77 days 12:32:44.504891,77 days 12:32:44.505436
boomblip,F,low,0,0,0,0,0,1775 days 03:05:15.504891,77 days 05:55:24.505436
yanguanghe,F,low,0,0,0,0,0,171 days 20:33:42.504891,29 days 13:44:49.505436
wyman999,F,high,6,0,0,0,0,392 days 07:53:44.504891,77 days 19:28:45.505436
myxiao7,F,low,14,0,0,0,5,3088 days 09:41:21.504891,1 days 14:42:17.505436
enrbh,T,low,0,0,0,25,0,516 days 17:43:42.504891,17 days 04:06:07.505436
michaelgiesen,F,high,1,0,2,2,7,1008 days 06:20:01.504891,37 days 00:12:21.505436
cateegit,T,low,0,0,0,0,0,77 days 10:39:44.504891,44 days 06:49:29.505436
duxiaolong92,T,low,25,1,17,32,0,3313 days 09:37:41.504891,78 days 07:03:18.505436
ladanuzhna,F,high,9,0,4,5,2,917 days 06:04:12.504891,79 days 03:11:17.505436
80386-eth,T,so-so,0,0,0,0,0,77 days 21:19:09.504891,77 days 21:19:09.505436
shannonsaunders,T,high,1,0,0,0,0,265 days 16:10:21.504891,94 days 12:31:34.505436
okhui2,F,so-so,0,0,0,0,0,352 days 17:09:55.504891,77 days 17:41:06.505436
bicointomoon,F,so-so,0,0,0,0,0,429 days 12:59:52.504891,32 days 13:06:02.505436
goodjorx,T,so-so,0,0,0,0,0,348 days 11:25:27.504891,229 days 10:13:52.505436
wenwen336,T,low,0,0,0,0,0,147 days 05:52:17.504891,147 days 05:39:20.505436
zhuyonghui666,T,low,0,0,0,0,0,78 days 14:49:40.504891,78 days 14:49:40.505436
rqmqzqn,T,low,0,0,0,0,0,77 days 08:20:48.504891,77 days 08:20:48.505436
yangzhangsheng,T,low,0,1,0,0,0,984 days 10:32:44.504891,42 days 18:10:16.505436
yosukesz,T,high,3,0,0,0,0,2181 days 23:01:07.504891,79 days 22:25:55.505436
nayge,T,so-so,0,0,0,0,0,78 days 05:24:17.504891,78 days 05:24:17.505436
ganhaa,F,so-so,0,0,0,0,0,1347 days 04:58:22.504891,78 days 07:05:58.505436
emhlbmc,F,high,43,2,31,61,2,2930 days 18:46:16.504891,7 days 19:14:46.505436
panyaojian,T,high,0,0,113,172,1,161 days 11:44:06.504891,44 days 12:59:36.505436
af7777713,F,so-so,0,0,0,0,0,264 days 13:17:57.504891,22 days 20:17:01.505436
juhuai,F,so-so,0,0,0,0,0,1431 days 17:46:44.504891,77 days 13:57:36.505436
blue8848,T,low,0,0,0,0,2,91 days 15:31:42.504891,42 days 12:43:17.505436
arpel209,T,so-so,0,0,0,0,0,101 days 01:32:32.504891,101 days 01:32:32.505436
chenhanjun900604,T,so-so,1,0,0,0,0,89 days 19:43:24.504891,61 days 15:27:17.505436
cryptomee,T,high,0,0,0,0,0,82 days 17:18:30.504891,82 days 17:18:30.505436
zhuchao0211,F,so-so,0,0,0,0,0,345 days 20:04:49.504891,54 days 20:56:55.505436
ztf2020,T,so-so,11,0,0,0,1,255 days 12:17:05.504891,3 days 17:34:42.505436
licett,F,so-so,3,0,0,5,4,3093 days 17:06:22.504891,33 days 21:09:26.505436
kryptovlada,F,high,0,0,0,0,0,426 days 23:59:39.504891,30 days 08:03:17.505436
yanganming,F,so-so,0,0,0,0,0,363 days 08:40:49.504891,129 days 17:42:29.505436
starinthesky2021,T,so-so,0,0,0,0,0,77 days 06:58:06.504891,77 days 06:58:06.505436
pompeiixxx,T,high,0,0,0,0,0,91 days 13:15:01.504891,47 days 11:13:36.505436
riplash,T,so-so,0,0,0,0,0,2812 days 06:02:37.504891,385 days 06:54:10.505436
forestcoin,T,high,1,0,2,0,2,2165 days 10:28:20.504891,0 days 20:10:25.505436
songm1ng,F,high,10,0,0,0,0,823 days 19:21:35.504891,44 days 17:11:54.505436
jimjimvalkema,F,high,7,1,1,0,0,1709 days 02:34:56.504891,2 days 22:11:13.505436
qiudao,F,so-so,10,1,0,2,0,2034 days 13:15:09.504891,203 days 19:27:54.505436
0xvenom,F,low,,,,,0,,
mleagle69,F,low,,,,,0,,
0xgabor,F,high,,,,,0,,
minebuu,F,high,,,,,0,,
bobbywol,F,so-so,,,,,0,,
tianyaowang5,T,so-so,,,,,0,,
ergun0x,T,low,,,,,0,,
meshboxfoundation,F,so-so,,,,,0,,
amirog,F,low,,,,,0,,
xiaoshahui,T,so-so,,,,,0,,
rainman1973,F,low,,,,,0,,
taofengno1,T,low,,,,,0,,
mybtc666,T,low,,,,,0,,
fgjkhgk,F,low,,,,,0,,
felix0x,T,so-so,,,,,0,,
hujianglang,F,high,,,,,0,,
tianlongz1995,T,so-so,,,,,0,,
0xfreya,T,low,,,,,0,,
maximlyu,T,low,,,,,0,,
zhangjiannan,F,high,,,,,0,,
frk1903,T,high,,,,,0,,
defiglenn,F,so-so,,,,,0,,
customerjin,T,low,,,,,0,,
cea1yn,T,high,,,,,0,,
lumengzhu,T,so-so,,,,,0,,
taisen405512,F,so-so,,,,,0,,
qddtdlko,T,so-so,,,,,0,,
mgy82563646,F,so-so,,,,,0,,
hululu188,T,so-so,,,,,0,,
kimleesin,T,so-so,,,,,0,,
madibaa37,F,so-so,,,,,0,,
iancai,F,high,,,,,0,,
a369440951,T,high,,,,,0,,
okhui4,F,low,,,,,0,,
labrav,T,low,,,,,0,,
0xfrank,T,so-so,,,,,0,,
irodders,T,high,,,,,0,,
dacle9,F,so-so,,,,,0,,
lilin5663,T,so-so,,,,,0,,
t376603359,T,so-so,,,,,0,,
bh153,T,high,,,,,0,,
laosanv,F,so-so,0,0,0,0,0,147 days 19:34:50.504891,82 days 19:51:08.505436
jcbm123143,F,so-so,6,3,77,64,2,1984 days 11:09:43.504891,3 days 19:37:39.505436
keiven-d,T,so-so,2,0,0,0,6,271 days 05:46:25.504891,25 days 06:09:51.505436
lamerdem,T,so-so,0,0,0,0,0,98 days 12:48:35.504891,43 days 08:55:02.505436
misterekko,T,so-so,1,0,0,0,1,388 days 16:41:56.504891,40 days 04:38:55.505436
arymoon,T,low,1,0,0,0,0,265 days 22:19:34.504891,77 days 09:35:30.505436
xiaokengji,T,low,0,0,0,0,0,156 days 20:19:01.504891,156 days 20:19:01.505436
nodexia,T,low,0,0,0,0,0,289 days 17:28:23.504891,289 days 17:28:23.505436
pyrexliongs,T,so-so,0,0,0,0,0,159 days 11:08:27.504891,77 days 15:49:53.505436
mdben1247,F,so-so,5,0,2,0,1,2572 days 11:19:01.504891,190 days 16:32:51.505436
rabursky,F,so-so,22,2,11,7,1,3982 days 04:18:31.504891,12 days 08:32:01.505436
dongzhuoyao,F,high,200,66,45,140,1,2396 days 12:20:14.504891,6 days 09:14:59.505436
tiberiusb,F,so-so,5,1,3,8,0,3257 days 03:35:46.504891,1 days 04:00:39.505436
carlos347a,T,high,1,0,0,0,0,179 days 08:52:03.504891,18 days 00:50:58.505436
abc2371681,T,high,0,0,0,0,0,1266 days 01:28:02.504891,78 days 10:18:27.505436
streetsoul35,T,so-so,12,0,0,0,0,161 days 21:27:27.504891,78 days 13:24:52.505436
ayisoli,T,high,1,0,0,1,1,1712 days 05:01:16.504891,34 days 06:46:47.505436
wafm0708,T,high,8,0,0,2,0,1840 days 13:12:44.504891,66 days 05:33:34.505436
goodlife847,T,low,0,0,0,0,0,77 days 18:58:55.504891,77 days 18:58:55.505436
ivantokarev9458,F,so-so,8,0,0,0,5,831 days 09:05:00.504891,36 days 14:02:29.505436
cosinhs,F,low,29,0,19,186,4,1810 days 15:49:45.504891,31 days 08:17:49.505436
nixiuhui,T,so-so,11,0,3,14,2,3725 days 21:58:33.504891,10 days 07:41:24.505436
jaysonkit241990,T,so-so,0,1,26,20,3,1417 days 17:48:11.504891,26 days 11:42:28.505436
ealtog,T,low,0,0,0,0,0,318 days 16:58:20.504891,96 days 13:03:37.505436
lioutlook,T,low,0,0,0,0,0,151 days 14:10:59.504891,77 days 14:08:49.505436
xinke666,T,so-so,0,0,0,0,1,1382 days 11:04:53.504891,44 days 19:22:49.505436
pigpig00,T,low,1,0,0,0,0,162 days 09:38:40.504891,66 days 12:51:30.505436
bberry259,F,so-so,0,0,0,0,1,2906 days 07:40:49.504891,38 days 04:37:42.505436
nealser,F,low,0,0,0,0,0,602 days 07:13:12.504891,268 days 02:00:05.505436
keaiaiai,T,low,0,0,0,0,0,359 days 12:07:04.504891,359 days 08:08:57.505436
pelakee13,T,low,0,0,106,122,4,77 days 07:27:34.504891,32 days 14:28:21.505436
ipfsxian,F,so-so,1,1,0,0,0,597 days 17:34:34.504891,6 days 19:01:18.505436
astrotseng,F,low,2,0,0,0,0,343 days 13:53:57.504891,78 days 13:28:40.505436
softlipa1018,F,so-so,2,0,0,0,1,262 days 07:54:15.504891,44 days 19:44:31.505436
tutuha007,F,so-so,1,0,0,0,0,154 days 14:32:39.504891,63 days 13:31:14.505436
gurolercan1,T,low,0,0,0,0,0,80 days 12:42:22.504891,80 days 12:42:22.505436
micomiake,T,low,1,0,0,0,0,78 days 11:36:49.504891,60 days 14:16:43.505436
clock-1,T,low,0,0,0,0,0,77 days 09:22:19.504891,77 days 09:22:19.505436
mragicl,F,so-so,4,0,0,0,0,857 days 03:35:56.504891,47 days 12:15:23.505436
lohit03,F,so-so,2,0,1,5,0,847 days 09:15:02.504891,19 days 13:27:12.505436
akaxiaok,F,high,33,54,2,17,4,3014 days 11:11:09.504891,47 days 10:26:07.505436
stevenyeong1,F,low,1,0,0,0,0,80 days 13:25:04.504891,59 days 15:12:35.505436
cakoyo,F,high,9,3,43,41,4,1380 days 09:16:46.504891,2 days 03:48:38.505436
menghua-cheng,F,low,3,0,1,0,3,4096 days 16:15:01.504891,500 days 16:39:13.505436
pepperkin,F,so-so,0,0,0,0,2,95 days 16:03:13.504891,8 days 18:21:29.505436
evanotreal,T,low,0,0,0,0,0,77 days 13:42:22.504891,77 days 13:42:22.505436
nobody8886,T,low,0,0,0,0,0,77 days 05:43:02.504891,77 days 05:43:02.505436
anon61,T,low,0,0,0,0,1,78 days 12:17:54.504891,78 days 12:11:19.505436
titoisasmendi,F,low,2,0,0,2,0,1632 days 22:10:47.504891,88 days 07:31:55.505436
qmt56888,T,low,0,0,0,0,4,82 days 16:13:31.504891,30 days 21:46:00.505436
faridcrypto,F,low,0,0,116,167,1,150 days 01:10:19.504891,33 days 10:24:34.505436
jaxo4life,F,so-so,1,0,0,0,1,1088 days 17:23:56.504891,44 days 13:52:19.505436
wdelius,F,low,7,1,0,0,3,1895 days 16:10:09.504891,78 days 03:19:43.505436
fawaw111,T,low,0,0,0,0,0,1820 days 06:28:53.504891,77 days 18:52:40.505436
sjdthree,F,low,15,3,1,17,1,1510 days 01:45:08.504891,1 days 05:40:51.505436
birdynomnom,F,so-so,0,0,0,0,0,146 days 10:43:17.504891,146 days 10:43:17.505436
lunarodrr,T,low,1,0,0,0,0,141 days 10:22:43.504891,93 days 13:49:58.505436
fridayatn,F,low,1,0,0,0,1,2796 days 20:35:49.504891,1 days 08:17:54.505436
rayoneya,T,low,0,0,0,0,0,77 days 11:19:36.504891,63 days 09:33:43.505436
smytammy,T,low,0,0,0,0,0,78 days 12:08:31.504891,78 days 12:08:31.505436
makeshiftpaul,F,low,1,0,0,0,0,3161 days 00:50:24.504891,43 days 23:57:33.505436
lihuameng2020,T,low,0,0,0,0,0,77 days 13:55:28.504891,77 days 13:55:28.505436
jackzhujun,T,low,0,0,0,0,0,93 days 08:06:15.504891,77 days 08:46:10.505436
gerard-b,T,low,,,,,0,,
neosmithx,F,low,2,0,0,4,1,143 days 08:00:02.504891,23 days 16:06:07.505436
wengshanyeyu123,F,low,3,0,0,0,0,209 days 17:46:04.504891,57 days 18:26:28.505436
0xhakimbo,T,low,0,0,0,0,0,78 days 03:52:43.504891,42 days 06:38:14.505436
furbywing2,F,so-so,0,0,0,0,0,148 days 10:42:45.504891,78 days 15:38:44.505436
katreinagiovana00,T,so-so,0,0,0,0,0,145 days 20:01:20.504891,99 days 08:15:57.505436
zhang-li-na,F,so-so,1,0,0,0,1,147 days 13:50:18.504891,10 days 15:17:57.505436
mrandreyns,T,high,0,0,0,0,0,77 days 09:17:30.504891,77 days 09:17:30.505436
hank0123,T,high,13,0,0,0,0,2913 days 14:59:39.504891,42 days 08:40:16.505436
haberioku,F,so-so,1,0,0,0,1,248 days 09:55:19.504891,22 days 14:15:31.505436
jonlabrie,T,so-so,3,0,0,0,0,3922 days 21:32:21.504891,2 days 04:10:25.505436
as23015601567ii,F,so-so,10,1,0,2,1,654 days 07:20:44.504891,22 days 17:51:51.505436
begood2me,T,so-so,0,0,0,0,0,1305 days 07:38:01.504891,231 days 09:33:15.505436
niculas721,T,high,0,0,0,0,0,77 days 13:51:07.504891,77 days 13:51:07.505436
hughgitcoingrant,T,high,1,0,0,0,0,78 days 02:58:05.504891,78 days 02:58:05.505436
njskyzz,F,high,3,0,0,1,2,1496 days 16:07:11.504891,64 days 16:39:50.505436
huigan,T,so-so,15,4,1,1,0,3093 days 20:44:48.504891,52 days 15:16:29.505436
istekis,T,so-so,0,0,0,1,0,1362 days 03:42:04.504891,85 days 11:32:11.505436
mikeenz,F,so-so,,,,,0,,
terazadl,T,high,,,,,0,,
yjwiil,T,so-so,,,,,0,,
zmyhub,T,high,,,,,0,,
ce886666,T,high,,,,,0,,
apedaddyceo,T,high,,,,,0,,
jeffreytsaigtc,T,high,,,,,0,,
tuananhthepussyhunter,T,high,,,,,0,,
jrosenfeld13,F,high,,,,,0,,
wgshi722,T,high,,,,,0,,
shuaiguo12,T,high,,,,,0,,
mrhoooo,T,high,,,,,0,,
tongtongshenyi,T,so-so,,,,,0,,
zhegaozhouji,T,so-so,,,,,0,,
saeedkargosha,F,high,,,,,0,,
daomaoshe,T,high,,,,,0,,
sun261,T,high,,,,,0,,
darecjo,T,so-so,,,,,0,,
oohboa,T,high,,,,,0,,
kdrklc,T,high,,,,,0,,
behappy420,T,high,,,,,0,,
bredxiao,T,so-so,,,,,0,,
bbq84,F,so-so,,,,,0,,
johnsblackwell,T,high,,,,,0,,
btcsgj,F,so-so,,,,,0,,
merwanouazene,T,so-so,,,,,0,,
junsong525,T,so-so,,,,,0,,
findfish1988,T,high,,,,,0,,
haitang1987,T,so-so,,,,,0,,
metaversityman,T,high,,,,,0,,
alesmrazek,F,so-so,,,,,0,,
yioreea,T,so-so,,,,,0,,
875qq,T,high,,,,,0,,
luiet,T,high,,,,,0,,
ankangw,T,low,,,,,0,,
meilizhou1999,T,low,,,,,0,,
maxcdon,F,High,,,,,0,,
smallnash,T,so-so,,,,,0,,
gambol,F,High,,,,,0,,
maximoralez-crypto,F,so-so,,,,,0,,
bwktfc,F,High,,,,,0,,
chye9527,T,low,,,,,0,,
fritz886,F,low,,,,,0,,
psymanity,T,so-so,,,,,0,,
thiway3,F,low,,,,,0,,
circleecho,T,High,,,,,0,,
isiahhill,F,High,0,0,7,11,4,2628 days 04:02:14.504891,4 days 17:29:36.505436
hussiwong,T,High,1,0,0,1,0,1305 days 07:46:52.504891,77 days 12:14:17.505436
kmbooy,F,so-so,2,0,0,0,0,1484 days 19:21:09.504891,71 days 17:12:50.505436
xzpierre,F,High,0,0,0,0,0,356 days 07:32:41.504891,77 days 06:38:19.505436
blank1u,F,so-so,6,3,16,19,1,1683 days 17:47:01.504891,2 days 05:34:40.505436
vukthewolfy,T,high,0,1,0,0,0,1489 days 06:18:19.504891,888 days 03:45:02.505436
daxiha,T,high,0,0,0,0,0,77 days 11:19:03.504891,77 days 11:19:03.505436
lkkkky,T,high,0,0,0,0,0,81 days 05:34:56.504891,32 days 08:37:17.505436
kannumehta03161990,T,high,0,0,0,0,0,77 days 20:41:29.504891,77 days 20:41:29.505436
kamillo270,T,so-so,0,0,0,0,0,502 days 16:22:03.504891,77 days 04:46:17.505436
mdahardy,F,high,3,0,0,0,7,2508 days 22:28:32.504891,41 days 14:52:32.505436
okhui3,F,high,0,0,0,0,0,352 days 17:04:53.504891,77 days 17:29:40.505436
gojackzi,F,high,1,0,1,1,1,516 days 08:35:39.504891,49 days 04:28:32.505436
a13298533983,F,high,2,0,0,0,0,374 days 15:00:56.504891,22 days 19:54:25.505436
whatiseverything,F,low,0,0,0,0,0,431 days 04:26:46.504891,101 days 07:13:59.505436
everythingblockchain,T,so-so,1,0,0,0,2,138 days 03:44:39.504891,15 days 05:37:54.505436
digidr,F,high,17,0,1,0,1,3389 days 21:45:26.504891,14 days 07:41:58.505436
tuzimoe,F,high,,,,,0,,
skmickop,T,high,0,0,0,0,0,78 days 09:03:27.504891,78 days 09:03:27.505436
donatooor,T,high,0,0,0,0,0,77 days 06:30:59.504891,77 days 06:30:59.505436
isleep1,T,high,1,0,0,0,0,87 days 16:55:41.504891,87 days 16:10:13.505436
pengxixixi,T,high,1,0,0,1,0,267 days 22:10:41.504891,38 days 08:07:42.505436
ferendo,T,high,,,,,0,,
jiucai1012,T,so-so,0,0,0,0,0,128 days 11:04:12.504891,2 days 06:12:02.505436
zhuxiao90,F,high,10,0,1,0,0,1383 days 21:25:54.504891,77 days 07:45:15.505436
crptocurrencyfinancial,F,high,0,0,0,0,0,1665 days 12:19:09.504891,154 days 09:31:59.505436
jiexit,F,high,10,0,0,0,2,958 days 06:15:17.504891,44 days 19:00:16.505436
acehu1974,F,low,0,0,0,0,2,91 days 15:33:11.504891,42 days 12:43:47.505436
fionabot,F,high,1,0,0,0,2,1389 days 12:03:55.504891,79 days 06:50:31.505436
fr334evr,F,so-so,0,0,0,0,0,100 days 08:53:27.504891,77 days 20:01:27.505436
0xfeixue,F,low,0,0,0,0,0,86 days 08:09:13.504891,86 days 08:09:13.505436
rishaadsa,T,high,1,0,0,0,0,1368 days 09:03:52.504891,78 days 09:07:53.505436
d22818977,T,so-so,1,0,0,0,0,1014 days 08:38:47.504891,60 days 07:32:17.505436
chenyj0527,F,low,12,0,106,99,1,359 days 21:17:16.504891,22 days 19:16:25.505436
hhhhhhh730,F,high,0,0,0,0,0,256 days 18:50:24.504891,79 days 07:44:48.505436
tigzor365,F,so-so,0,0,0,0,0,84 days 10:29:42.504891,77 days 23:59:06.505436
boredsed5,F,low,0,0,0,0,0,78 days 22:09:37.504891,78 days 22:09:37.505436
tomitorres93,F,high,12,0,0,1,0,428 days 23:10:07.504891,3 days 20:48:15.505436
kuvalisconrad,F,so-so,4,0,1,0,1,2004 days 07:59:57.504891,97 days 19:43:22.505436
eliwolfgang,T,high,0,0,0,0,0,78 days 04:07:37.504891,78 days 04:07:37.505436
mrbananawang,F,high,4,0,0,0,0,1254 days 14:43:19.504891,70 days 10:19:10.505436
mrpanjin,F,low,1,0,0,0,2,80 days 09:57:51.504891,52 days 17:02:39.505436
zfq0714,T,high,16,0,0,1,3,2970 days 15:12:49.504891,192 days 13:52:03.505436
fanffu,F,high,0,0,0,0,0,99 days 08:12:08.504891,77 days 08:55:54.505436
nuoyaneasy,F,low,29,0,7,39,4,3275 days 20:51:17.504891,3 days 17:36:53.505436
nicochristener,F,high,6,0,1,3,0,2543 days 10:07:00.504891,6 days 08:58:35.505436
aderolium,F,low,0,1,43,24,1,917 days 09:50:08.504891,231 days 01:55:04.505436
mohsenataeinejad,T,high,0,0,3,1,3,376 days 11:36:41.504891,2 days 06:42:41.505436
borand88,T,so-so,0,1,0,1,0,1387 days 19:15:15.504891,3 days 02:41:29.505436
qijinzing,F,low,14,0,0,2,0,827 days 10:22:52.504891,38 days 18:55:56.505436
johnshen518,F,high,0,0,0,0,0,3106 days 06:33:49.504891,77 days 13:50:26.505436
nunubluesky,T,high,0,0,0,0,0,319 days 13:39:57.504891,12 days 11:54:09.505436
chrishollingworth,F,high,1,0,0,0,0,1275 days 06:30:57.504891,786 days 00:40:22.505436
tontoton91,T,low,0,0,0,0,0,328 days 19:22:07.504891,77 days 20:44:47.505436
tedscript,T,high,3,0,0,0,0,890 days 12:31:42.504891,63 days 09:55:19.505436
erik241287,T,high,1,0,0,0,1,842 days 15:56:48.504891,43 days 13:39:28.505436
scottfits,F,high,19,17,28,23,4,3748 days 08:48:17.504891,17 days 06:16:03.505436
yuankongzhe,F,so-so,0,0,0,0,2,103 days 14:08:41.504891,5 days 19:03:37.505436
suoyawangluo,T,low,10,1,1,2,2,937 days 07:55:14.504891,1 days 08:36:42.505436
wudirruby,T,high,3,0,2,0,1,1375 days 16:16:06.504891,6 days 10:15:03.505436
sentientz,F,so-so,0,0,0,0,0,1944 days 03:31:33.504891,637 days 17:04:56.505436
paulnadler,T,low,3,0,0,0,0,2619 days 17:22:53.504891,42 days 04:41:34.505436
s7ev3n,F,high,14,11,49,48,4,3256 days 16:57:44.504891,1 days 14:36:19.505436
casezz,F,low,1,0,0,0,0,77 days 19:00:57.504891,77 days 18:59:21.505436
fuzaifei,T,so-so,4,0,0,3,0,1070 days 21:57:55.504891,99 days 12:43:10.505436
epick362,T,low ,39,0,6,2,2,3821 days 12:16:57.504891,104 days 09:24:14.505436
jmcn1989,T,so-so,1,1,0,0,0,1586 days 07:36:34.504891,59 days 13:30:51.505436
porridgecannon,T,low,0,0,0,0,0,78 days 04:24:04.504891,29 days 02:11:57.505436
dafengchao,F,so-so,6,1,0,1,2,1377 days 16:21:04.504891,38 days 18:07:04.505436
qybffs,T,high,0,0,0,0,0,81 days 14:32:43.504891,81 days 14:32:43.505436
zkfib,T,high,9,0,0,0,0,100 days 10:35:50.504891,56 days 05:38:51.505436
secretpath51,T,high,0,0,0,0,0,78 days 09:40:21.504891,78 days 09:40:21.505436
mikoronjoo,F,so-so,43,0,66,66,2,1364 days 10:20:32.504891,17 days 05:40:33.505436
alexiskefalas,T,high,0,0,2,0,0,827 days 12:40:08.504891,161 days 22:42:15.505436
du-o,T,low,1,0,0,0,0,130 days 04:54:26.504891,4 days 07:19:28.505436
deskarato,F,low,1,0,0,1,0,774 days 03:06:17.504891,150 days 23:50:06.505436
mzapple,T,low,0,0,0,0,0,84 days 13:13:05.504891,61 days 12:45:10.505436
kynepen,T,low,3,0,0,0,1,891 days 11:20:43.504891,29 days 15:04:32.505436
msagansk,T,low,,,,,0,,
starwound,T,low,,,,,0,,
furbywing1981,F,so-so,,,,,0,,
outside1today,F,so-so,,,,,0,,
blockchain-x,F,so-so,,,,,0,,
widmit,T,low,,,,,0,,
txtdarisaham,T,so-so,,,,,0,,
poltorrent,F,high,,,,,0,,
ljqzzz123,F,high,,,,,0,,
brucecui0120,T,low,,,,,0,,
liuzan312,F,so-so,,,,,0,,
kongkongstalk,T,high,,,,,0,,
vicshineking,F,high,,,,,0,,
xiaoloudgb,F,high,,,,,0,,
emin8rs,F,so-so,,,,,0,,
onwew,F,high,,,,,0,,
svskrpz,T,high,,,,,0,,
zhuxingw,T,so-so,,,,,0,,
supandyhhh,F,high,,,,,0,,
spreek,F,high,,,,,0,,
bitfish0x,F,so-so,,,,,0,,
xiaonianzi11,F,high,,,,,0,,
alenxuu,F,low,,,,,0,,
zengjiajun0623,F,high,,,,,0,,
karam2022,F,so-so,,,,,0,,
nuts-rice,F,high,,,,,0,,
soullie,F,low,,,,,0,,
luxaedel,F,high,,,,,0,,
amohimi,T,high,,,,,0,,
thecryptobeasty,T,low,,,,,0,,
wuyangxincheng,F,high,,,,,0,,
igorger55,F,high,,,,,0,,
craiglmccarthy,F,high,,,,,0,,
tetrisdancho,F,high,,,,,0,,
coinbina,F,high,,,,,0,,
csdome,F,high,,,,,0,,
robocatcom,T,so-so,,,,,0,,
cryptodmeme,F,high,,,,,0,,
mrbluesg,F,high,,,,,0,,
zjcocolar,F,high,,,,,0,,
zhiyuan2007,F,high,,,,,0,,
jjcattt,T,so-so,,,,,0,,
elambdacalculo,F,low,,,,,0,,
lofther,F,low,,,,,0,,
mehtakan,T,low,,,,,0,,
mathje,F,high,,,,,0,,
jialiang11,F,high,,,,,0,,
mrmot88,F,high,,,,,0,,
gkarupa,F,high,,,,,0,,
xnh323,F,high,3,0,0,0,0,367 days 18:09:44.504891,101 days 15:25:22.505436
gianamarze,F,low,1,0,0,0,0,141 days 10:03:38.504891,63 days 07:17:36.505436
emomert,F,high,6,0,0,0,0,575 days 09:01:10.504891,3 days 03:43:49.505436
mitmito,T,high,0,0,0,0,0,505 days 08:36:39.504891,253 days 11:39:31.505436
cenguoshen,T,low,1,0,0,0,0,1549 days 04:34:59.504891,46 days 09:43:44.505436
kriptoponzi,T,low,0,0,0,0,0,368 days 01:30:10.504891,78 days 01:12:21.505436
balebababa,F,low,1,0,0,0,2,1027 days 09:30:57.504891,44 days 09:39:08.505436
zet77777,F,low,0,0,0,0,0,80 days 07:34:56.504891,62 days 08:25:11.505436
howjonglai,T,low,0,0,0,0,0,527 days 14:27:56.504891,24 days 11:57:00.505436
lincentdeng,T,low,2,0,0,0,0,151 days 15:39:50.504891,9 days 16:26:16.505436
liguanhui5836,F,so-so,0,0,0,0,0,305 days 15:14:54.504891,63 days 07:45:33.505436
kumsluna,F,so-so,1,0,0,0,3,90 days 19:10:08.504891,42 days 12:00:52.505436
one-three-three-seven,F,low,0,0,2,0,1,1487 days 06:01:04.504891,18 days 02:05:06.505436
angelmasatas,T,so-so,1,0,0,0,0,141 days 10:40:52.504891,94 days 06:24:38.505436
solariyoung,F,high,12,0,2,2,0,3530 days 17:42:05.504891,8 days 07:12:44.505436
mask1985,T,low,1,0,0,0,0,156 days 18:48:08.504891,44 days 17:06:47.505436
trichomer,F,so-so,1,0,1,2,0,1722 days 23:10:41.504891,50 days 23:17:17.505436
takjohn,F,high,10,1,17,67,4,1961 days 05:29:16.504891,1 days 05:03:03.505436
ones-wzk,T,low,1,0,0,0,1,161 days 11:06:15.504891,44 days 19:36:58.505436
rainbowwalldev,F,so-so,1,0,0,0,0,140 days 18:55:32.504891,36 days 14:41:24.505436
keys17x,F,low,1,0,0,0,0,490 days 08:28:04.504891,34 days 12:37:16.505436
twodragonbear,F,low,9,0,7,12,5,1080 days 21:24:31.504891,3 days 15:31:10.505436
schmackofant,F,low,2,2,3,1,3,238 days 10:32:47.504891,5 days 03:19:22.505436
user99387701,T,low,0,0,0,0,0,160 days 09:24:53.504891,152 days 13:14:39.505436
lincolnerickson,T,low,1,1,0,0,0,2598 days 06:45:00.504891,77 days 23:43:59.505436
ozluhasim,T,so-so,0,0,0,0,0,178 days 12:43:55.504891,40 days 08:40:23.505436
nowaihst,T,so-so,1,0,0,0,0,87 days 14:38:40.504891,58 days 06:01:25.505436
whosecool,F,so-so,2,3,0,0,0,429 days 13:09:43.504891,78 days 19:58:34.505436
klorzi,F,so-so,0,0,0,0,0,343 days 14:05:26.504891,77 days 13:32:47.505436
teibaman,F,low,0,0,0,0,1,307 days 16:16:06.504891,50 days 10:45:02.505436
hresto3,F,low,0,0,0,0,0,78 days 22:08:34.504891,78 days 22:08:34.505436
huangboshuo1994,F,low,,,,,0,,
aircraft25,F,high,2,0,0,0,6,255 days 04:34:14.504891,70 days 06:10:48.505436
arican35,T,low,0,0,0,0,0,120 days 11:39:29.504891,120 days 11:39:29.505436
cqjtu-andy,F,high,27,0,1,0,3,1330 days 18:20:06.504891,28 days 10:05:30.505436
anitatianfu,F,low,0,0,0,0,0,157 days 17:52:32.504891,21 days 09:32:13.505436
futingfei,F,so-so,,,,,0,,
7826t,T,so-so,0,0,0,0,0,78 days 04:51:59.504891,78 days 04:51:59.505436
d11344,T,high,1,0,0,0,0,125 days 16:30:49.504891,125 days 16:24:44.505436
niceboysmh,F,so-so,0,0,0,0,0,533 days 18:11:11.504891,58 days 16:27:20.505436
ayscoopy,F,high,16,2,20,17,1,1462 days 07:49:10.504891,43 days 18:11:37.505436
recluseheart,T,so-so,1,0,0,0,0,1752 days 22:38:14.504891,77 days 11:16:39.505436
awaer88,F,high,2,0,1,0,0,1717 days 19:28:37.504891,46 days 09:19:10.505436
eolszewski,F,high,91,3,62,5,5,3288 days 03:02:22.504891,7 days 01:16:40.505436
dawenxiheluojia,T,so-so,,,,,0,,
cooding88888888,F,high,9,0,0,0,0,341 days 07:00:54.504891,63 days 09:40:44.505436
time1010820,F,high,4,0,0,1,0,224 days 07:33:40.504891,12 days 05:05:45.505436
hui08,F,high,1,0,0,0,0,1577 days 06:18:06.504891,60 days 14:32:59.505436
0xtimliang,T,low,0,0,0,0,0,92 days 06:55:57.504891,77 days 13:21:04.505436
forzaaista,T,so-so,0,0,0,0,0,85 days 00:56:44.504891,85 days 00:56:44.505436
saeednazem,T,so-so,0,0,0,0,1,95 days 06:40:43.504891,56 days 14:07:15.505436
zmlmoney,T,high,1,0,0,0,0,246 days 07:06:10.504891,59 days 08:37:51.505436
as17806171901,F,so-so,0,1,0,0,3,1390 days 22:41:42.504891,24 days 10:43:42.505436
qiulin078,F,high,1,0,0,2,2,430 days 14:32:41.504891,44 days 09:04:19.505436
kamei-r,F,low,3,0,0,0,0,469 days 16:27:32.504891,95 days 14:15:42.505436
vicexie,F,so-so,1,0,0,0,0,342 days 14:00:04.504891,77 days 09:17:00.505436
dydx2021,T,high,1,0,0,0,0,152 days 07:02:27.504891,152 days 07:02:27.505436
ilzc,F,high,21,0,1,4,3,3766 days 07:59:03.504891,73 days 19:46:32.505436
sourabupadhya123,F,high,8,1,0,0,3,652 days 07:30:24.504891,1 days 08:30:08.505436
ildarman1,T,high,0,1,0,0,0,478 days 09:03:43.504891,38 days 23:08:35.505436
13857238876,F,so-so,3,0,0,0,0,291 days 19:24:11.504891,53 days 10:22:35.505436
marcjoe,F,high,4,2,0,0,3,381 days 15:00:05.504891,65 days 21:32:57.505436
zengmusk,T,high,0,0,0,0,0,93 days 15:44:43.504891,65 days 21:18:10.505436
caglarm,F,so-so,0,0,0,0,0,19 days 18:22:26.504891,19 days 18:22:26.505436
turkersoykan,T,high,0,0,0,0,0,1304 days 14:52:18.504891,101 days 13:24:19.505436
18170622272,F,so-so,2,1,0,0,1,268 days 05:37:41.504891,43 days 11:28:22.505436
sheloulou,T,high,0,0,0,0,0,87 days 09:18:15.504891,87 days 09:18:15.505436
visualstudiotoad,T,so-so,0,0,0,0,0,816 days 04:43:04.504891,40 days 01:02:09.505436
adamnilssonkaluti,F,high,1,0,0,0,1,268 days 01:27:04.504891,207 days 04:15:41.505436
uaborsa,T,high,0,0,0,0,0,77 days 06:10:35.504891,60 days 23:14:42.505436
yogi505263,F,so-so,4,0,0,0,0,360 days 15:36:10.504891,76 days 16:15:21.505436
kevinclaudio,F,high,7,0,0,0,1,341 days 14:10:15.504891,34 days 06:22:20.505436
twos2046,T,high,4,0,0,6,3,1966 days 11:44:58.504891,8 days 17:11:36.505436
buraksahin38,T,high,0,0,0,0,0,89 days 13:56:07.504891,89 days 13:56:07.505436
ppan1995,T,high,1,0,0,0,0,77 days 17:03:22.504891,35 days 10:46:03.505436
bknight54,T,high,0,0,0,0,0,77 days 15:03:37.504891,77 days 15:03:37.505436
kuepeliahmet,F,low,6,0,2,7,3,552 days 08:45:55.504891,23 days 08:10:19.505436
jyonalee,F,so-so,5,0,3,0,3,1375 days 04:32:47.504891,189 days 22:22:52.505436
1471966774,T,high,0,0,0,0,0,1936 days 13:03:25.504891,0 days 07:25:03.505436
encarnacion-gutierrez,T,high,0,0,0,0,0,77 days 09:56:00.504891,77 days 09:56:00.505436
abruckse,T,high,0,0,0,0,0,96 days 23:44:54.504891,78 days 04:23:17.505436
cryptoseal007,T,high,0,0,0,0,1,98 days 07:22:03.504891,2 days 13:33:06.505436
denizhansahin,T,high,1,0,0,0,0,101 days 09:32:37.504891,32 days 08:04:28.505436
jackytan2018,F,low,4,0,0,2,0,1065 days 14:36:48.504891,2 days 14:43:28.505436
snakeely,F,so-so,0,0,0,0,0,331 days 04:20:55.504891,78 days 03:10:03.505436
0xkray,T,high,0,0,0,0,0,85 days 05:46:18.504891,85 days 05:46:18.505436
rygielskibartosz,F,so-so,0,0,0,0,0,1833 days 11:14:56.504891,232 days 09:12:37.505436
vipaimee,T,high,0,0,0,0,0,101 days 19:13:43.504891,69 days 17:22:39.505436
qasak,F,high,32,1,18,25,5,2554 days 12:45:51.504891,51 days 15:59:12.505436
zell168,T,high,,,,,0,,
soundyn,T,high,,,,,0,,
peitao-yang,T,high,,,,,0,,
zeriana,F,low,,,,,0,,
qq41762,T,so-so,,,,,0,,
bidurs,F,high,,,,,0,,
jianwangzheng,T,high,,,,,0,,
unionepro,F,low,,,,,0,,
okhui5,T,so-so,,,,,0,,
gtcccsdss,T,so-so,,,,,0,,
xiaomoxian1,F,low,,,,,0,,
fewturefinance,T,high,,,,,0,,
kutaibah,T,so-so,,,,,0,,
baloofinancial,T,high,,,,,0,,
yabirgb,F,high,,,,,0,,
jonathanlindquist,F,high,,,,,0,,
hudie,F,so-so,,,,,0,,
gigec,T,so-so,,,,,0,,
marklanse,T,so-so,,,,,0,,
caishaowu,F,low,,,,,0,,
alpselin,T,high,,,,,0,,
chunchaolee,F,so-so,,,,,0,,
alcitoeth,T,high,,,,,0,,
0rmash,T,so-so,,,,,0,,
cosmiccollusion,T,high,,,,,0,,
joeljkrb,F,low,,,,,0,,
wwy108,T,low,,,,,0,,
miraculous22,T,high,,,,,0,,
tgoerke,F,high,,,,,0,,
laobaib,T,high,,,,,0,,
bsmocovich,T,high,,,,,0,,
puckkingcrypto,T,high,,,,,0,,
stephenbyrne99,F,high,,,,,0,,
feiyulc,F,so-so,,,,,0,,
kevinyoung001,T,high,,,,,0,,
cba2121,F,so-so,,,,,0,,
ali65432111,T,high,,,,,0,,
