handle,Is Sybil? (T or F),"Confidence (low, so-so, high)",public_repos,public_gists,followers,following,information_count,account_age,time_since_updated,trust_bonus,is_brightid_verified,is_duniter_verified,is_twitter_verified,is_poap_verified,is_ens_verified,is_google_verified,is_facebook_verified,is_poh_verified,is_idena_connected,is_idena_verified
bhaumik,FALSE,High,23,7,17,7,2,3182 days 05:57:45.504891,82 days 22:28:16.505436,1.5,FALSE,FALSE,TRUE,TRUE,TRUE,TRUE,TRUE,FALSE,FALSE,FALSE
amiic,FALSE,so-so,0,0,0,0,0,248 days 03:50:45.504891,248 days 03:50:45.505436,1.5,TRUE,FALSE,FALSE,TRUE,TRUE,TRUE,FALSE,FALSE,FALSE,FALSE
jupiterr-chen,FALSE,so-so,9,0,0,1,0,3312 days 19:55:48.504891,36 days 10:00:54.505436,1.25,TRUE,FALSE,FALSE,FALSE,TRUE,FALSE,FALSE,FALSE,FALSE,FALSE
gaojianclare,TRUE,High,0,0,0,0,0,152 days 09:16:52.504891,152 days 09:16:52.505436,0.9,FALSE,FALSE,FALSE,FALSE,TRUE,TRUE,FALSE,FALSE,FALSE,FALSE
doublelou,FALSE,Low,14,0,0,0,2,2467 days 16:46:49.504891,44 days 19:08:31.505436,0.65,FALSE,FALSE,FALSE,FALSE,FALSE,TRUE,FALSE,FALSE,TRUE,FALSE
rookie23,FALSE,High,3,0,0,0,0,1463 days 00:45:17.504891,82 days 03:38:31.505436,0.95,FALSE,FALSE,TRUE,FALSE,FALSE,TRUE,FALSE,FALSE,FALSE,FALSE
gmifrfr,TRUE,High,0,0,0,0,0,78 days 00:13:37.504891,44 days 05:09:10.505436,0.5,FALSE,FALSE,FALSE,FALSE,FALSE,FALSE,FALSE,FALSE,FALSE,FALSE
ssyahoo,TRUE,so-so,0,0,0,0,0,238 days 16:09:36.504891,77 days 17:55:58.505436,0.5,FALSE,FALSE,FALSE,FALSE,FALSE,FALSE,FALSE,FALSE,FALSE,FALSE
mapl3sn0w,FALSE,so-so,4,1,2,1,0,1269 days 21:35:52.504891,119 days 01:05:56.505436,0.65,FALSE,FALSE,FALSE,FALSE,FALSE,FALSE,FALSE,FALSE,FALSE,FALSE
phantom5031,TRUE,High,0,0,0,0,0,78 days 08:47:18.504891,78 days 08:47:18.505436,0.5,FALSE,FALSE,FALSE,FALSE,FALSE,FALSE,FALSE,FALSE,FALSE,FALSE
dawsoncn,TRUE,so-so,1,0,0,0,0,1486 days 13:49:11.504891,43 days 19:02:20.505436,0.65,FALSE,FALSE,FALSE,FALSE,FALSE,TRUE,FALSE,FALSE,FALSE,FALSE
roderikkk,FALSE,so-so,1,0,0,0,0,246 days 05:30:02.504891,28 days 12:26:15.505436,1.05,FALSE,FALSE,FALSE,FALSE,TRUE,TRUE,FALSE,FALSE,TRUE,FALSE
zpunketh,TRUE,High,0,0,0,0,0,77 days 09:31:22.504891,77 days 09:31:22.505436,0.5,FALSE,FALSE,FALSE,FALSE,FALSE,FALSE,FALSE,FALSE,FALSE,FALSE
jcarvajalmunera,TRUE,so-so,0,0,0,0,0,268 days 02:35:26.504891,57 days 16:40:08.505436,0.5,FALSE,FALSE,FALSE,FALSE,FALSE,FALSE,FALSE,FALSE,FALSE,FALSE
yimaginst,FALSE,Low,0,0,0,0,0,1480 days 19:36:12.504891,25 days 12:40:33.505436,1.5,TRUE,FALSE,FALSE,TRUE,TRUE,TRUE,FALSE,FALSE,FALSE,FALSE
skq4545,TRUE,so-so,0,0,0,0,0,79 days 14:36:37.504891,79 days 14:36:37.505436,0.5,FALSE,FALSE,FALSE,FALSE,FALSE,FALSE,FALSE,FALSE,FALSE,FALSE
bennybolivar,FALSE,High,3,0,0,1,5,1927 days 06:22:32.504891,1 days 08:55:27.505436,1.5,FALSE,FALSE,TRUE,TRUE,TRUE,TRUE,TRUE,FALSE,TRUE,FALSE
followthecoin7,FALSE,so-so,0,0,0,0,0,890 days 03:21:53.504891,84 days 04:23:23.505436,0.65,FALSE,FALSE,TRUE,FALSE,FALSE,FALSE,FALSE,FALSE,FALSE,FALSE
ethereumgtb,FALSE,so-so,0,0,0,0,0,274 days 06:50:05.504891,70 days 10:39:15.505436,0.9,FALSE,FALSE,FALSE,TRUE,FALSE,TRUE,FALSE,FALSE,TRUE,FALSE
parappa1,FALSE,High,1,0,0,2,0,822 days 17:23:29.504891,122 days 08:58:40.505436,0.5,FALSE,FALSE,FALSE,FALSE,FALSE,FALSE,FALSE,FALSE,FALSE,FALSE
chrisde-a,FALSE,so-so,0,0,0,0,0,94 days 00:16:17.504891,85 days 10:09:04.505436,1.3,FALSE,FALSE,FALSE,TRUE,TRUE,TRUE,FALSE,FALSE,FALSE,FALSE
buyige1991,FALSE,High,0,0,0,0,0,346 days 20:38:00.504891,77 days 08:53:02.505436,1.15,FALSE,FALSE,FALSE,TRUE,TRUE,TRUE,FALSE,FALSE,FALSE,FALSE
fytts,FALSE,so-so,0,0,0,0,0,1507 days 16:21:33.504891,5 days 09:14:05.505436,1.35,FALSE,FALSE,TRUE,TRUE,FALSE,TRUE,TRUE,FALSE,TRUE,FALSE
moxingixiaoma,FALSE,High,0,0,0,0,0,242 days 12:47:06.504891,77 days 09:17:06.505436,1.5,TRUE,FALSE,TRUE,TRUE,FALSE,TRUE,FALSE,FALSE,TRUE,FALSE
13777466266,FALSE,High,7,0,0,0,0,1416 days 18:58:21.504891,17 days 05:40:20.505436,1.5,TRUE,FALSE,TRUE,TRUE,TRUE,TRUE,TRUE,FALSE,TRUE,FALSE
wmike10,FALSE,High,0,0,0,0,0,341 days 01:51:44.504891,19 days 17:14:52.505436,1.5,TRUE,FALSE,FALSE,TRUE,TRUE,TRUE,FALSE,TRUE,TRUE,FALSE
hakank07,FALSE,so-so,0,0,0,0,0,343 days 02:52:56.504891,43 days 07:48:51.505436,0.65,FALSE,FALSE,FALSE,FALSE,FALSE,TRUE,FALSE,FALSE,FALSE,FALSE
jbjknt,TRUE,Low,0,0,0,0,0,1850 days 17:43:32.504891,51 days 06:28:23.505436,0.5,FALSE,FALSE,FALSE,FALSE,FALSE,FALSE,FALSE,FALSE,FALSE,FALSE
keremyapar,FALSE,High,3,0,0,0,0,1520 days 14:49:57.504891,14 days 10:14:52.505436,0.5,FALSE,FALSE,FALSE,FALSE,FALSE,FALSE,FALSE,FALSE,FALSE,FALSE
zjert1016,TRUE,so-so,0,0,0,0,0,1560 days 18:39:52.504891,77 days 05:49:14.505436,0.65,FALSE,FALSE,FALSE,FALSE,FALSE,TRUE,FALSE,FALSE,FALSE,FALSE
drcrypto14,TRUE,High,0,0,0,0,1,77 days 07:34:56.504891,77 days 07:09:00.505436,0.5,FALSE,FALSE,FALSE,FALSE,FALSE,FALSE,FALSE,FALSE,FALSE,FALSE
imnysc,TRUE,High,0,0,0,0,0,77 days 10:39:27.504891,77 days 10:39:27.505436,0.8,FALSE,FALSE,FALSE,FALSE,FALSE,TRUE,FALSE,FALSE,TRUE,FALSE
mayxd,FALSE,High,14,1,7,8,1,1353 days 15:59:45.504891,36 days 16:37:51.505436,0.65,FALSE,FALSE,FALSE,FALSE,FALSE,TRUE,FALSE,FALSE,FALSE,FALSE
grappeape,TRUE,High,0,0,0,0,0,78 days 05:39:19.504891,78 days 05:39:19.505436,0.65,FALSE,FALSE,FALSE,FALSE,FALSE,TRUE,FALSE,FALSE,FALSE,FALSE
owtawa,TRUE,High,0,0,0,0,0,79 days 11:48:00.504891,2 days 12:06:44.505436,0.5,FALSE,FALSE,FALSE,FALSE,FALSE,FALSE,FALSE,FALSE,FALSE,FALSE
fergthh,FALSE,High,6,2,5,4,1,2663 days 19:09:41.504891,31 days 22:11:55.505436,0.65,FALSE,FALSE,FALSE,FALSE,FALSE,TRUE,FALSE,FALSE,FALSE,FALSE
gjmarsha,TRUE,High,0,0,0,0,0,78 days 07:04:07.504891,59 days 03:47:50.505436,0.5,FALSE,FALSE,FALSE,FALSE,FALSE,FALSE,FALSE,FALSE,FALSE,FALSE
metaink2077,FALSE,High,NA,NA,NA,NA,0,NA,NA,NA,NA,NA,NA,NA,NA,NA,NA,NA,NA,NA
mucoozturk,TRUE,High,0,0,0,0,0,91 days 11:11:05.504891,91 days 11:11:05.505436,0.5,FALSE,FALSE,FALSE,FALSE,FALSE,FALSE,FALSE,FALSE,TRUE,FALSE
blackmiaool,FALSE,High,140,31,108,11,4,3049 days 17:38:57.504891,15 days 07:42:10.505436,1,FALSE,FALSE,FALSE,TRUE,TRUE,FALSE,FALSE,FALSE,FALSE,FALSE
vincentview,FALSE,so-so,2,0,0,0,1,542 days 18:53:14.504891,77 days 08:05:08.505436,0.5,FALSE,FALSE,FALSE,FALSE,FALSE,FALSE,FALSE,FALSE,FALSE,FALSE
yekongxingle,FALSE,High,10,0,1,19,1,1148 days 19:57:02.504891,0 days 08:49:04.505436,1.4,TRUE,FALSE,FALSE,FALSE,TRUE,TRUE,FALSE,FALSE,FALSE,FALSE
lacrissashontasia58,TRUE,High,0,0,0,0,0,77 days 09:04:05.504891,77 days 09:04:05.505436,0.5,FALSE,FALSE,FALSE,FALSE,FALSE,FALSE,FALSE,FALSE,FALSE,FALSE
slmklc,FALSE,so-so,0,0,0,0,0,775 days 22:57:56.504891,58 days 04:54:17.505436,0.5,FALSE,FALSE,FALSE,FALSE,FALSE,FALSE,FALSE,FALSE,FALSE,FALSE
zemberek82,TRUE,so-so,1,0,0,0,1,256 days 06:34:03.504891,3 days 15:55:16.505436,1.5,FALSE,FALSE,TRUE,TRUE,TRUE,TRUE,TRUE,FALSE,TRUE,FALSE
celir,FALSE,High,6,0,0,0,3,1955 days 20:59:37.504891,77 days 16:20:32.505436,0.75,FALSE,FALSE,FALSE,FALSE,TRUE,FALSE,FALSE,FALSE,FALSE,FALSE
xuchaowen008,TRUE,so-so,0,0,0,0,0,141 days 08:15:35.504891,77 days 12:09:41.505436,0.5,FALSE,FALSE,FALSE,FALSE,FALSE,FALSE,FALSE,FALSE,FALSE,FALSE
rockxie,FALSE,High,9,1,7,3,3,3778 days 16:42:24.504891,77 days 05:54:05.505436,1.5,FALSE,FALSE,TRUE,TRUE,TRUE,TRUE,TRUE,FALSE,TRUE,FALSE
petermoeller1984,TRUE,High,0,0,0,0,0,79 days 06:40:23.504891,79 days 06:40:23.505436,0.5,FALSE,FALSE,FALSE,FALSE,FALSE,FALSE,FALSE,FALSE,FALSE,FALSE
383189580,TRUE,High,2,0,0,0,0,211 days 08:50:17.504891,7 days 20:58:43.505436,1.5,TRUE,FALSE,FALSE,FALSE,TRUE,TRUE,FALSE,FALSE,TRUE,FALSE
markoaamunkajo,TRUE,High,3,0,1,0,0,1015 days 17:05:02.504891,6 days 19:45:24.505436,0.8,FALSE,FALSE,FALSE,FALSE,FALSE,TRUE,TRUE,FALSE,FALSE,FALSE
fatih4402,TRUE,so-so,0,0,0,0,0,256 days 01:44:56.504891,52 days 14:10:21.505436,0.5,FALSE,FALSE,FALSE,FALSE,FALSE,FALSE,FALSE,FALSE,FALSE,FALSE
navarrocol,FALSE,so-so,0,1,0,0,0,319 days 03:48:18.504891,161 days 16:58:30.505436,1.5,TRUE,FALSE,TRUE,TRUE,TRUE,TRUE,TRUE,FALSE,FALSE,FALSE
perstarkse,FALSE,High,9,0,0,0,0,686 days 04:27:15.504891,9 days 09:38:30.505436,1.05,FALSE,FALSE,FALSE,TRUE,FALSE,TRUE,FALSE,FALSE,FALSE,FALSE
pgtjq,TRUE,High,3,0,0,0,0,2003 days 07:01:20.504891,78 days 18:11:02.505436,0.5,FALSE,FALSE,FALSE,FALSE,FALSE,FALSE,FALSE,FALSE,FALSE,FALSE
owocki,FALSE,High,58,5,796,41,6,4089 days 22:48:43.504891,70 days 06:23:28.505436,0.5,TRUE,FALSE,TRUE,FALSE,FALSE,TRUE,FALSE,FALSE,FALSE,FALSE
johniohn,TRUE,High,5,0,0,0,0,233 days 16:57:01.504891,155 days 16:12:14.505436,1,TRUE,FALSE,FALSE,FALSE,FALSE,FALSE,FALSE,FALSE,FALSE,FALSE
1lolguy1,TRUE,High,0,0,0,0,0,78 days 22:09:16.504891,78 days 22:09:16.505436,0.5,FALSE,FALSE,FALSE,FALSE,FALSE,FALSE,FALSE,FALSE,FALSE,FALSE
0xgoddess,TRUE,High,0,0,0,0,1,78 days 02:45:47.504891,72 days 02:12:28.505436,0.65,FALSE,FALSE,TRUE,FALSE,FALSE,FALSE,FALSE,FALSE,FALSE,FALSE
robocups,FALSE,so-so,7,1,3,3,2,152 days 02:51:20.504891,12 days 03:00:45.505436,1.1,FALSE,FALSE,TRUE,FALSE,FALSE,TRUE,TRUE,FALSE,TRUE,FALSE
7catss,TRUE,High,0,0,0,0,0,77 days 14:27:51.504891,77 days 14:27:51.505436,0.5,FALSE,FALSE,FALSE,FALSE,FALSE,FALSE,FALSE,FALSE,FALSE,FALSE
jiebaoking,FALSE,so-so,3,0,0,0,1,1645 days 10:48:11.504891,44 days 09:46:56.505436,0.65,FALSE,FALSE,FALSE,FALSE,FALSE,TRUE,FALSE,FALSE,FALSE,FALSE
ssing2,TRUE,High,17,0,4,2,5,2005 days 13:35:58.504891,39 days 12:55:36.505436,1.5,TRUE,FALSE,FALSE,FALSE,TRUE,TRUE,TRUE,FALSE,TRUE,FALSE
haliluya009,TRUE,so-so,1,0,0,0,0,1545 days 06:56:06.504891,44 days 10:08:53.505436,1.05,FALSE,FALSE,FALSE,FALSE,TRUE,TRUE,TRUE,FALSE,FALSE,FALSE
lan658868,TRUE,High,0,0,0,0,0,149 days 10:48:27.504891,61 days 10:46:07.505436,1.5,TRUE,FALSE,TRUE,TRUE,FALSE,TRUE,TRUE,FALSE,TRUE,FALSE
zeptimus,FALSE,High,1,1,0,0,0,461 days 02:36:09.504891,56 days 10:47:26.505436,1.5,TRUE,FALSE,TRUE,FALSE,FALSE,TRUE,FALSE,TRUE,FALSE,FALSE
datsai6550,TRUE,so-so,1,0,0,1,2,93 days 08:26:22.504891,93 days 08:18:49.505436,1.5,TRUE,FALSE,TRUE,TRUE,TRUE,TRUE,TRUE,FALSE,TRUE,FALSE
ahalftooth,TRUE,High,0,0,0,0,0,90 days 01:49:51.504891,90 days 01:49:51.505436,0.95,FALSE,FALSE,TRUE,FALSE,FALSE,TRUE,TRUE,FALSE,FALSE,FALSE
genpo77,TRUE,so-so,0,0,0,0,0,1304 days 22:31:28.504891,22 days 08:32:22.505436,0.65,FALSE,FALSE,FALSE,FALSE,FALSE,TRUE,FALSE,FALSE,FALSE,FALSE
jay7002,FALSE,low,3,1,0,0,0,1465 days 19:04:35.504891,145 days 08:29:14.505436,1.45,FALSE,FALSE,TRUE,TRUE,TRUE,TRUE,TRUE,FALSE,FALSE,FALSE
gyvervick,TRUE,low,0,0,0,0,1,2921 days 17:44:08.504891,78 days 04:58:54.505436,0.5,FALSE,FALSE,FALSE,FALSE,FALSE,FALSE,FALSE,FALSE,FALSE,FALSE
anonymousman9483,TRUE,High,0,0,0,0,0,77 days 12:47:53.504891,77 days 12:47:53.505436,0.75,FALSE,FALSE,FALSE,TRUE,FALSE,FALSE,FALSE,FALSE,FALSE,FALSE
leonrzok,TRUE,High,0,0,0,0,0,77 days 22:37:15.504891,77 days 22:37:15.505436,0.5,FALSE,FALSE,FALSE,FALSE,FALSE,FALSE,FALSE,FALSE,FALSE,FALSE
whateverright,TRUE,so-so,0,0,0,0,0,78 days 09:57:56.504891,63 days 06:29:03.505436,0.8,FALSE,FALSE,FALSE,FALSE,FALSE,TRUE,TRUE,FALSE,TRUE,FALSE
weiyeyan,FALSE,low,0,0,0,0,0,1498 days 15:13:09.504891,50 days 18:47:13.505436,0.5,FALSE,FALSE,FALSE,FALSE,FALSE,FALSE,FALSE,FALSE,FALSE,FALSE
tekima,TRUE,High,2,0,0,0,0,1343 days 20:56:40.504891,77 days 20:41:22.505436,0.75,FALSE,FALSE,FALSE,TRUE,FALSE,FALSE,FALSE,FALSE,FALSE,FALSE
datudou1990,TRUE,High,1,0,0,0,3,90 days 19:30:35.504891,42 days 12:57:47.505436,1.5,TRUE,FALSE,FALSE,TRUE,TRUE,TRUE,FALSE,FALSE,FALSE,FALSE
jerry738,TRUE,High,4,0,1,1,0,294 days 18:01:38.504891,81 days 14:47:38.505436,1.5,TRUE,FALSE,FALSE,TRUE,FALSE,TRUE,TRUE,FALSE,TRUE,FALSE
jasonthewhale,FALSE,so-so,6,0,0,0,3,344 days 19:30:53.504891,5 days 22:27:23.505436,1.5,TRUE,FALSE,FALSE,FALSE,TRUE,TRUE,FALSE,FALSE,FALSE,FALSE
ironpaul,FALSE,low,0,0,0,0,2,503 days 19:08:18.504891,8 days 18:45:49.505436,1.35,FALSE,FALSE,TRUE,TRUE,FALSE,TRUE,TRUE,FALSE,TRUE,FALSE
hakanyk,TRUE,High,0,0,0,0,0,139 days 14:01:51.504891,77 days 15:40:29.505436,0.5,FALSE,FALSE,FALSE,FALSE,FALSE,FALSE,FALSE,FALSE,FALSE,FALSE
myfeir,TRUE,so-so,1,0,0,0,0,163 days 05:17:03.504891,59 days 15:05:08.505436,1.5,TRUE,FALSE,TRUE,TRUE,TRUE,TRUE,FALSE,FALSE,FALSE,FALSE
syahmi2007,TRUE,so-so,0,0,0,0,0,922 days 11:52:51.504891,35 days 06:00:00.505436,0.5,FALSE,FALSE,FALSE,FALSE,FALSE,FALSE,FALSE,FALSE,FALSE,FALSE
liztdefi,FALSE,low,1,0,0,0,0,148 days 22:21:32.504891,148 days 22:19:59.505436,0.75,FALSE,FALSE,FALSE,TRUE,FALSE,FALSE,FALSE,FALSE,FALSE,FALSE
ccnxabc,FALSE,High,15,0,4,1,0,2427 days 22:03:05.504891,63 days 11:52:44.505436,1.5,TRUE,FALSE,FALSE,TRUE,FALSE,TRUE,TRUE,FALSE,FALSE,FALSE
higgszhou,TRUE,so-so,1,0,0,0,0,579 days 12:10:19.504891,77 days 14:52:32.505436,1.5,TRUE,FALSE,FALSE,TRUE,TRUE,TRUE,FALSE,FALSE,FALSE,FALSE
409110763ty,TRUE,High,0,0,0,0,0,77 days 08:49:11.504891,29 days 06:24:25.505436,0.65,FALSE,FALSE,FALSE,FALSE,FALSE,TRUE,FALSE,FALSE,FALSE,FALSE
mars-shen,FALSE,so-so,8,1,3,9,4,3315 days 17:32:23.504891,59 days 15:01:12.505436,0.5,FALSE,FALSE,FALSE,FALSE,FALSE,FALSE,FALSE,FALSE,FALSE,FALSE
zcfrank1st,FALSE,High,425,1,12,48,5,3557 days 20:18:06.504891,0 days 09:30:26.505436,1.5,TRUE,FALSE,TRUE,FALSE,TRUE,TRUE,FALSE,FALSE,TRUE,FALSE
haihanzhang,TRUE,High,0,0,0,0,0,99 days 07:18:27.504891,44 days 06:13:18.505436,1.5,TRUE,FALSE,FALSE,TRUE,FALSE,TRUE,TRUE,FALSE,FALSE,FALSE
htjason9,FALSE,low,1,0,0,0,0,357 days 20:37:30.504891,7 days 12:23:18.505436,1.5,TRUE,FALSE,FALSE,TRUE,FALSE,TRUE,TRUE,FALSE,FALSE,FALSE
kongtou11111,TRUE,so-so,2,0,0,0,0,98 days 18:07:08.504891,98 days 18:03:31.505436,1.4,TRUE,FALSE,FALSE,FALSE,TRUE,TRUE,FALSE,FALSE,FALSE,FALSE
zkingong,TRUE,NA,1,0,0,0,0,77 days 07:35:22.504891,75 days 19:32:38.505436,0.5,FALSE,FALSE,FALSE,FALSE,FALSE,FALSE,FALSE,FALSE,FALSE,FALSE
zzzi760,FALSE,low,3,0,0,0,0,368 days 13:23:56.504891,15 days 08:00:35.505436,1.5,TRUE,FALSE,TRUE,TRUE,TRUE,TRUE,FALSE,FALSE,FALSE,FALSE
fa762,TRUE,High,0,0,0,0,0,77 days 15:17:04.504891,77 days 15:17:04.505436,0.5,FALSE,FALSE,FALSE,FALSE,FALSE,FALSE,FALSE,FALSE,FALSE,FALSE
mfph400,TRUE,High,NA,NA,NA,NA,0,NA,NA,0.5,FALSE,FALSE,FALSE,FALSE,FALSE,FALSE,FALSE,FALSE,FALSE,FALSE
chauvet23,TRUE,low,NA,NA,NA,NA,0,NA,NA,0.5,FALSE,FALSE,FALSE,FALSE,FALSE,FALSE,FALSE,FALSE,FALSE,FALSE
liusky001,TRUE,low,NA,NA,NA,NA,0,NA,NA,1.5,TRUE,FALSE,FALSE,FALSE,TRUE,TRUE,TRUE,FALSE,FALSE,FALSE
hamahdiyar,FALSE,low,NA,NA,NA,NA,0,NA,NA,1.5,TRUE,FALSE,FALSE,TRUE,TRUE,TRUE,FALSE,FALSE,TRUE,FALSE
ricallj,FALSE,so-so,NA,NA,NA,NA,0,NA,NA,1.4,TRUE,FALSE,FALSE,TRUE,FALSE,TRUE,FALSE,FALSE,FALSE,FALSE
drbalikci,TRUE,so-so,NA,NA,NA,NA,0,NA,NA,1.1,TRUE,FALSE,TRUE,FALSE,FALSE,TRUE,TRUE,FALSE,FALSE,FALSE
vijayer,FALSE,High,NA,NA,NA,NA,0,NA,NA,0.5,FALSE,FALSE,FALSE,FALSE,FALSE,FALSE,FALSE,FALSE,FALSE,FALSE
xuxiaofeng6,FALSE,High,NA,NA,NA,NA,0,NA,NA,1.5,TRUE,FALSE,FALSE,TRUE,TRUE,TRUE,FALSE,FALSE,FALSE,FALSE
zhaorenzeng,FALSE,High,NA,NA,NA,NA,0,NA,NA,1.5,TRUE,FALSE,TRUE,TRUE,FALSE,TRUE,TRUE,FALSE,FALSE,FALSE
ginoliuxy2021,TRUE,High,NA,NA,NA,NA,0,NA,NA,1.3,FALSE,FALSE,FALSE,TRUE,TRUE,TRUE,TRUE,FALSE,FALSE,FALSE
hannahbroderick,FALSE,High,NA,NA,NA,NA,0,NA,NA,0.8,FALSE,FALSE,FALSE,FALSE,FALSE,TRUE,TRUE,FALSE,FALSE,FALSE
longchao2020,FALSE,so-so,NA,NA,NA,NA,0,NA,NA,1,FALSE,FALSE,FALSE,TRUE,TRUE,FALSE,FALSE,FALSE,FALSE,FALSE
nives247,FALSE,so-so,NA,NA,NA,NA,0,NA,NA,1.1,FALSE,FALSE,TRUE,FALSE,FALSE,TRUE,TRUE,FALSE,FALSE,FALSE
yanming52520,TRUE,High,NA,NA,NA,NA,0,NA,NA,1.5,TRUE,FALSE,TRUE,TRUE,TRUE,TRUE,FALSE,FALSE,TRUE,FALSE
chelseazhi,FALSE,low,NA,NA,NA,NA,0,NA,NA,1.2,FALSE,FALSE,TRUE,FALSE,TRUE,TRUE,TRUE,FALSE,TRUE,FALSE
sorrowblood,TRUE,so-so,NA,NA,NA,NA,0,NA,NA,0.75,FALSE,FALSE,FALSE,TRUE,FALSE,TRUE,FALSE,FALSE,FALSE,FALSE
kuba000721,TRUE,so-so,NA,NA,NA,NA,0,NA,NA,0.9,FALSE,FALSE,FALSE,TRUE,FALSE,TRUE,FALSE,FALSE,FALSE,FALSE
karelnagel,FALSE,High,NA,NA,NA,NA,0,NA,NA,1.5,TRUE,FALSE,TRUE,TRUE,TRUE,TRUE,TRUE,FALSE,FALSE,FALSE
jsartorius,FALSE,so-so,NA,NA,NA,NA,0,NA,NA,0.5,FALSE,FALSE,FALSE,FALSE,FALSE,FALSE,FALSE,FALSE,FALSE,FALSE
coinprove,FALSE,low,NA,NA,NA,NA,0,NA,NA,1.5,TRUE,FALSE,FALSE,TRUE,TRUE,FALSE,FALSE,FALSE,TRUE,FALSE
huluhah,TRUE,so-so,NA,NA,NA,NA,0,NA,NA,1,FALSE,FALSE,FALSE,TRUE,TRUE,FALSE,FALSE,FALSE,FALSE,FALSE
silentzhou,FALSE,so-so,NA,NA,NA,NA,0,NA,NA,0.5,FALSE,FALSE,FALSE,FALSE,FALSE,FALSE,FALSE,FALSE,FALSE,FALSE
backkem,FALSE,High,NA,NA,NA,NA,0,NA,NA,0.5,FALSE,FALSE,FALSE,FALSE,FALSE,FALSE,FALSE,FALSE,FALSE,FALSE
mazhuping,FALSE,so-so,NA,NA,NA,NA,0,NA,NA,0.9,TRUE,FALSE,FALSE,TRUE,FALSE,TRUE,FALSE,FALSE,FALSE,FALSE
ivor-l,TRUE,so-so,NA,NA,NA,NA,0,NA,NA,0.5,FALSE,FALSE,FALSE,FALSE,FALSE,FALSE,FALSE,FALSE,FALSE,FALSE
gitcoin2,TRUE,high,NA,NA,NA,NA,0,NA,NA,0.5,FALSE,FALSE,FALSE,FALSE,FALSE,FALSE,FALSE,FALSE,FALSE,FALSE
nicepone,FALSE,so-so,NA,NA,NA,NA,0,NA,NA,0.5,FALSE,FALSE,FALSE,FALSE,FALSE,FALSE,FALSE,FALSE,FALSE,FALSE
bignfts,TRUE,so-so,NA,NA,NA,NA,0,NA,NA,0.5,FALSE,FALSE,FALSE,FALSE,FALSE,FALSE,FALSE,FALSE,FALSE,FALSE
solmelo,TRUE,so-so,NA,NA,NA,NA,0,NA,NA,0.8,FALSE,FALSE,FALSE,FALSE,FALSE,TRUE,TRUE,FALSE,TRUE,FALSE
rr168,TRUE,high,NA,NA,NA,NA,0,NA,NA,0.8,FALSE,FALSE,FALSE,FALSE,TRUE,TRUE,TRUE,FALSE,TRUE,FALSE
scottzsh,TRUE,high,NA,NA,NA,NA,0,NA,NA,1.5,TRUE,FALSE,TRUE,TRUE,TRUE,TRUE,TRUE,FALSE,TRUE,TRUE
yu114498755,FALSE,so-so,NA,NA,NA,NA,0,NA,NA,1.5,TRUE,FALSE,FALSE,TRUE,TRUE,TRUE,FALSE,FALSE,TRUE,FALSE
cvjoint,FALSE,so-so,6,4,15,0,1,1136 days 00:22:59.504891,17 days 06:51:35.505436,1.5,TRUE,FALSE,FALSE,TRUE,TRUE,TRUE,FALSE,FALSE,FALSE,FALSE
yang57689,FALSE,so-so,9,0,0,0,0,291 days 07:05:37.504891,84 days 08:28:27.505436,0.5,FALSE,FALSE,FALSE,FALSE,FALSE,FALSE,FALSE,FALSE,FALSE,FALSE
starchesandveggies,TRUE,high,0,0,0,0,0,78 days 20:52:21.504891,78 days 20:52:21.505436,0.5,FALSE,FALSE,FALSE,FALSE,FALSE,FALSE,FALSE,FALSE,FALSE,FALSE
15773221883,TRUE,high,1,0,0,0,0,1098 days 20:19:19.504891,77 days 11:18:17.505436,0.5,FALSE,FALSE,FALSE,FALSE,FALSE,FALSE,FALSE,FALSE,FALSE,FALSE
wjc195,FALSE,so-so,2,0,0,0,0,252 days 09:05:26.504891,77 days 18:05:09.505436,1.3,FALSE,FALSE,FALSE,TRUE,TRUE,TRUE,FALSE,FALSE,TRUE,FALSE
dotwing,FALSE,so-so,2,0,0,0,0,92 days 21:21:36.504891,65 days 21:02:28.505436,1.3,TRUE,FALSE,FALSE,FALSE,FALSE,TRUE,FALSE,FALSE,FALSE,FALSE
gmertk,FALSE,low,37,19,154,25,3,3874 days 14:15:58.504891,45 days 08:46:12.505436,0.75,FALSE,FALSE,FALSE,FALSE,TRUE,FALSE,FALSE,FALSE,FALSE,FALSE
kodiak-1988,TRUE,so-so,3,0,0,0,1,1018 days 13:50:49.504891,40 days 07:46:32.505436,1.5,TRUE,FALSE,FALSE,TRUE,TRUE,TRUE,FALSE,FALSE,FALSE,FALSE
ruili88888,TRUE,high,0,0,0,0,0,83 days 07:44:32.504891,83 days 07:44:32.505436,0.65,FALSE,FALSE,FALSE,FALSE,FALSE,TRUE,FALSE,FALSE,FALSE,FALSE
colinhzn,TRUE,high,1,4,0,0,1,166 days 18:22:15.504891,44 days 18:53:50.505436,1.5,TRUE,FALSE,FALSE,FALSE,TRUE,TRUE,TRUE,FALSE,FALSE,FALSE
deficorner,FALSE,low,0,0,0,2,0,429 days 17:18:29.504891,3 days 16:24:29.505436,0.9,FALSE,FALSE,FALSE,FALSE,TRUE,TRUE,FALSE,FALSE,FALSE,FALSE
orini,TRUE,high,0,0,0,0,0,82 days 18:45:46.504891,59 days 10:57:01.505436,0.9,FALSE,FALSE,FALSE,TRUE,FALSE,TRUE,FALSE,FALSE,FALSE,FALSE
momear,TRUE,high,0,0,0,0,0,99 days 18:51:05.504891,54 days 17:04:40.505436,0.5,FALSE,FALSE,FALSE,FALSE,FALSE,FALSE,FALSE,FALSE,FALSE,FALSE
fbembeyaz,TRUE,high,1,0,0,0,1,836 days 14:03:06.504891,16 days 02:26:55.505436,0.5,FALSE,FALSE,FALSE,FALSE,FALSE,FALSE,FALSE,FALSE,FALSE,FALSE
ieperen,FALSE,low,0,0,0,0,0,439 days 04:42:24.504891,243 days 06:27:54.505436,1.3,FALSE,FALSE,FALSE,TRUE,TRUE,TRUE,FALSE,FALSE,FALSE,FALSE
cerapot32,TRUE,high,0,0,0,0,0,78 days 22:08:48.504891,78 days 22:08:48.505436,0.5,FALSE,FALSE,FALSE,FALSE,FALSE,FALSE,FALSE,FALSE,FALSE,FALSE
curi0n,TRUE,high,0,0,0,0,0,95 days 04:45:47.504891,26 days 03:40:56.505436,1.2,FALSE,FALSE,TRUE,FALSE,TRUE,TRUE,TRUE,FALSE,FALSE,FALSE
thatguy1466,TRUE,so-so,0,0,0,0,0,1324 days 07:01:10.504891,77 days 08:22:38.505436,0.5,FALSE,FALSE,FALSE,FALSE,FALSE,FALSE,FALSE,FALSE,FALSE,FALSE
alexdavidkim,TRUE,so-so,5,0,0,2,1,649 days 06:24:51.504891,1 days 04:42:48.505436,0.5,FALSE,FALSE,FALSE,FALSE,FALSE,FALSE,FALSE,FALSE,FALSE,FALSE
yefeng519,FALSE,so-so,4,0,0,0,1,1157 days 15:47:27.504891,67 days 09:08:48.505436,1.5,TRUE,FALSE,FALSE,TRUE,TRUE,TRUE,TRUE,FALSE,TRUE,FALSE
rollnze,FALSE,so-so,0,0,0,0,0,297 days 07:59:32.504891,7 days 00:33:15.505436,0.65,FALSE,FALSE,FALSE,FALSE,FALSE,TRUE,FALSE,FALSE,FALSE,FALSE
long561064,TRUE,so-so,6,0,0,0,0,480 days 07:23:54.504891,22 days 20:03:41.505436,0.5,FALSE,FALSE,FALSE,FALSE,FALSE,FALSE,FALSE,FALSE,FALSE,FALSE
quitosmg,FALSE,low,7,0,0,7,3,1901 days 00:37:53.504891,78 days 05:02:09.505436,1.5,TRUE,FALSE,TRUE,TRUE,TRUE,TRUE,FALSE,TRUE,FALSE,FALSE
skgame4k,FALSE,so-so,0,0,0,0,2,85 days 08:43:12.504891,36 days 19:28:30.505436,1.5,TRUE,FALSE,FALSE,TRUE,TRUE,TRUE,TRUE,FALSE,TRUE,FALSE
a29654776,TRUE,so-so,0,1,0,0,0,1056 days 19:48:41.504891,47 days 19:04:40.505436,1.05,FALSE,FALSE,FALSE,TRUE,FALSE,TRUE,FALSE,FALSE,FALSE,FALSE
hzzouyh,TRUE,so-so,23,0,1,0,1,1571 days 19:18:25.504891,43 days 09:04:31.505436,0.5,FALSE,FALSE,FALSE,FALSE,FALSE,FALSE,FALSE,FALSE,FALSE,FALSE
kimberlypadilla,TRUE,so-so,1,0,0,0,0,265 days 16:02:27.504891,94 days 12:27:28.505436,1.05,FALSE,FALSE,FALSE,TRUE,FALSE,TRUE,TRUE,FALSE,FALSE,FALSE
jaswsunny,FALSE,so-so,1,0,0,0,0,360 days 01:55:43.504891,34 days 01:31:26.505436,0.8,FALSE,FALSE,FALSE,FALSE,FALSE,TRUE,FALSE,FALSE,FALSE,FALSE
rjs9098,FALSE,high,0,0,0,0,1,1446 days 18:06:10.504891,77 days 07:21:54.505436,1.45,FALSE,FALSE,FALSE,TRUE,TRUE,TRUE,TRUE,FALSE,FALSE,FALSE
larryflorio,FALSE,low,4,0,15,18,2,225 days 07:39:40.504891,42 days 01:24:29.505436,1.5,TRUE,FALSE,TRUE,FALSE,TRUE,FALSE,FALSE,FALSE,FALSE,FALSE
hoavantruong,FALSE,so-so,0,0,0,0,0,343 days 17:45:58.504891,77 days 16:06:15.505436,1.5,TRUE,FALSE,TRUE,FALSE,FALSE,TRUE,TRUE,FALSE,FALSE,FALSE
dbllll,TRUE,high,0,0,0,0,0,78 days 14:43:14.504891,57 days 09:23:22.505436,0.5,TRUE,FALSE,FALSE,FALSE,FALSE,FALSE,FALSE,FALSE,FALSE,FALSE
cryptest0,TRUE,so-so,0,0,0,0,0,156 days 08:03:57.504891,18 days 01:23:35.505436,0.5,FALSE,FALSE,FALSE,FALSE,FALSE,FALSE,FALSE,FALSE,FALSE,FALSE
angodshen,FALSE,so-so,0,0,0,0,0,266 days 09:55:59.504891,246 days 16:39:29.505436,1.2,FALSE,FALSE,TRUE,FALSE,TRUE,TRUE,TRUE,FALSE,TRUE,FALSE
qwerlzq,FALSE,so-so,0,0,0,0,1,1471 days 12:01:44.504891,35 days 09:50:48.505436,1.3,TRUE,FALSE,FALSE,FALSE,TRUE,TRUE,TRUE,FALSE,TRUE,FALSE
royalhatb,FALSE,so-so,3,0,1,3,2,1316 days 06:07:27.504891,24 days 04:58:42.505436,0.95,FALSE,FALSE,TRUE,FALSE,FALSE,TRUE,TRUE,FALSE,FALSE,FALSE
zephyr1001,TRUE,high,0,0,0,0,0,467 days 15:18:23.504891,7 days 18:12:44.505436,1.5,TRUE,FALSE,FALSE,FALSE,TRUE,TRUE,TRUE,FALSE,FALSE,FALSE
xlincn,FALSE,so-so,1,0,16,72,0,4237 days 06:05:52.504891,59 days 12:59:29.505436,1.5,TRUE,FALSE,FALSE,FALSE,TRUE,TRUE,FALSE,FALSE,FALSE,FALSE
shayanb,FALSE,low,160,21,251,250,6,4261 days 22:33:06.504891,5 days 01:25:02.505436,1.5,TRUE,FALSE,TRUE,TRUE,TRUE,FALSE,FALSE,FALSE,TRUE,FALSE
heheqqww,FALSE,so-so,1,0,0,0,0,243 days 19:20:49.504891,54 days 10:31:56.505436,1.5,TRUE,FALSE,FALSE,TRUE,TRUE,TRUE,TRUE,FALSE,TRUE,FALSE
whoisivan,FALSE,so-so,0,0,0,4,1,1987 days 23:10:40.504891,35 days 10:57:07.505436,1.5,TRUE,FALSE,FALSE,FALSE,TRUE,TRUE,TRUE,FALSE,TRUE,FALSE
qiaoyi950,TRUE,so-so,0,0,0,0,1,252 days 16:58:53.504891,15 days 21:14:37.505436,1.5,TRUE,FALSE,FALSE,TRUE,TRUE,FALSE,FALSE,FALSE,FALSE,FALSE
beyondmtk,FALSE,low,NA,NA,NA,NA,0,NA,NA,1.5,TRUE,FALSE,FALSE,TRUE,FALSE,TRUE,TRUE,FALSE,FALSE,FALSE
xinagxiang,TRUE,high,0,0,0,0,0,99 days 14:15:19.504891,63 days 15:42:50.505436,1.5,TRUE,FALSE,FALSE,FALSE,TRUE,TRUE,TRUE,FALSE,FALSE,FALSE
pandabadger,FALSE,low,4,1,0,0,0,1553 days 19:57:32.504891,206 days 06:41:10.505436,0.65,FALSE,FALSE,FALSE,FALSE,FALSE,FALSE,FALSE,FALSE,FALSE,FALSE
guldara,FALSE,low,0,0,0,0,1,516 days 18:20:34.504891,99 days 08:03:38.505436,1.25,TRUE,FALSE,FALSE,TRUE,FALSE,FALSE,FALSE,FALSE,FALSE,FALSE
thame,FALSE,low,25,3,12,12,1,4992 days 02:34:00.504891,9 days 07:47:10.505436,1.05,FALSE,FALSE,FALSE,TRUE,FALSE,TRUE,FALSE,FALSE,FALSE,FALSE
nothing549,TRUE,high,1,0,0,0,0,721 days 10:40:57.504891,78 days 09:55:15.505436,0.5,FALSE,FALSE,FALSE,FALSE,FALSE,FALSE,FALSE,FALSE,FALSE,FALSE
1rvinc,FALSE,so-so,0,0,1,0,0,337 days 08:46:43.504891,203 days 06:00:27.505436,1.3,FALSE,FALSE,FALSE,TRUE,TRUE,TRUE,FALSE,FALSE,FALSE,FALSE
vanlee-s,FALSE,High,18,2,95,107,2,511 days 02:47:00.504891,22 days 06:49:13.505436,0.5,FALSE,FALSE,FALSE,FALSE,FALSE,FALSE,FALSE,FALSE,FALSE,FALSE
daabbb,FALSE,so-so,2,0,0,0,1,1314 days 18:57:14.504891,27 days 03:37:20.505436,0.75,FALSE,FALSE,FALSE,FALSE,TRUE,FALSE,FALSE,FALSE,FALSE,FALSE
zb1093628138,TRUE,so-so,1,0,9,131,2,148 days 14:44:00.504891,61 days 11:48:52.505436,1.5,TRUE,FALSE,TRUE,TRUE,TRUE,FALSE,FALSE,FALSE,FALSE,FALSE
binks1337,FALSE,so-so,0,0,0,0,0,267 days 07:40:56.504891,245 days 06:32:30.505436,0.5,FALSE,FALSE,FALSE,FALSE,FALSE,FALSE,FALSE,FALSE,FALSE,FALSE
ffdouble,TRUE,High,0,0,0,0,3,77 days 22:13:14.504891,77 days 22:11:13.505436,1.15,TRUE,FALSE,FALSE,FALSE,FALSE,TRUE,FALSE,FALSE,FALSE,FALSE
solarszled,TRUE,High,0,0,0,0,0,94 days 13:19:16.504891,68 days 08:09:56.505436,1.5,TRUE,FALSE,FALSE,FALSE,TRUE,TRUE,TRUE,FALSE,TRUE,TRUE
hsngdr,FALSE,High,6,0,6,6,0,1061 days 03:43:41.504891,0 days 10:01:24.505436,0.5,FALSE,FALSE,FALSE,FALSE,FALSE,FALSE,FALSE,FALSE,FALSE,FALSE
omgbenido,FALSE,High,1,0,0,0,0,344 days 09:23:06.504891,84 days 09:10:53.505436,0.95,FALSE,FALSE,TRUE,FALSE,FALSE,TRUE,FALSE,FALSE,TRUE,FALSE
ipsilon-eth,FALSE,High,0,0,0,0,0,77 days 14:45:05.504891,77 days 14:40:04.505436,0.5,FALSE,FALSE,FALSE,FALSE,FALSE,FALSE,FALSE,FALSE,FALSE,FALSE
hongxiaojun,FALSE,High,34,2,2,61,4,1482 days 09:17:30.504891,77 days 09:57:21.505436,0.5,FALSE,FALSE,FALSE,FALSE,FALSE,FALSE,FALSE,FALSE,FALSE,FALSE
toicours,FALSE,High,12,0,0,2,0,256 days 12:40:44.504891,7 days 05:59:47.505436,1.5,FALSE,FALSE,FALSE,TRUE,TRUE,TRUE,FALSE,TRUE,FALSE,FALSE
joblee333,FALSE,High,2,0,2,3,0,253 days 08:49:36.504891,5 days 10:24:33.505436,1.5,TRUE,FALSE,TRUE,TRUE,FALSE,TRUE,TRUE,FALSE,FALSE,FALSE
metaversegaro,FALSE,High,0,0,0,0,0,77 days 13:15:10.504891,60 days 21:37:49.505436,1.05,FALSE,FALSE,FALSE,FALSE,TRUE,TRUE,TRUE,FALSE,FALSE,FALSE
chinalollipop,FALSE,so-so,20,0,1,0,2,2408 days 17:16:52.504891,35 days 11:39:30.505436,1.3,TRUE,FALSE,FALSE,FALSE,FALSE,TRUE,TRUE,FALSE,FALSE,FALSE
imgsu,FALSE,high,1,0,0,0,0,250 days 00:15:50.504891,14 days 23:27:13.505436,1,FALSE,FALSE,FALSE,TRUE,TRUE,FALSE,FALSE,FALSE,FALSE,FALSE
linsola,FALSE,so-so,11,1,4,8,0,1289 days 13:44:46.504891,102 days 04:30:24.505436,1.5,TRUE,FALSE,FALSE,TRUE,TRUE,FALSE,FALSE,FALSE,FALSE,FALSE
timitrend,FALSE,so-so,0,0,0,0,0,359 days 23:18:03.504891,40 days 09:37:23.505436,1.5,TRUE,FALSE,FALSE,TRUE,TRUE,FALSE,FALSE,FALSE,FALSE,FALSE
stupidbug,FALSE,low,5,0,0,0,1,733 days 16:12:42.504891,44 days 19:27:21.505436,1.5,TRUE,FALSE,TRUE,TRUE,TRUE,TRUE,TRUE,FALSE,FALSE,FALSE
mbeylin,FALSE,high,14,9,41,2,1,2999 days 17:29:25.504891,2 days 05:56:11.505436,1.05,FALSE,FALSE,FALSE,FALSE,TRUE,TRUE,FALSE,FALSE,FALSE,FALSE
pm778,FALSE,so-so,0,0,0,0,0,78 days 00:49:17.504891,78 days 00:49:17.505436,0.5,FALSE,FALSE,FALSE,FALSE,FALSE,FALSE,FALSE,FALSE,FALSE,FALSE
niktak11,FALSE,so-so,0,0,1,0,0,2189 days 15:12:38.504891,146 days 23:10:46.505436,1.15,FALSE,FALSE,FALSE,TRUE,TRUE,FALSE,FALSE,FALSE,FALSE,FALSE
hommy-huang,FALSE,so-so,2,0,0,0,0,259 days 01:50:14.504891,94 days 07:36:03.505436,1.5,TRUE,FALSE,FALSE,TRUE,TRUE,TRUE,TRUE,FALSE,TRUE,FALSE
odcpw,FALSE,so-so,3,0,0,0,0,441 days 15:19:07.504891,46 days 09:23:03.505436,1,TRUE,FALSE,FALSE,TRUE,TRUE,FALSE,FALSE,FALSE,FALSE,FALSE
mrstillalive,FALSE,high,8,1,0,0,3,392 days 15:37:24.504891,150 days 05:39:12.505436,1.5,FALSE,FALSE,TRUE,TRUE,TRUE,TRUE,TRUE,FALSE,FALSE,FALSE
luckisnow,FALSE,low,5,0,1,7,1,2382 days 14:35:09.504891,3 days 10:41:04.505436,1.5,TRUE,FALSE,FALSE,FALSE,TRUE,TRUE,TRUE,FALSE,FALSE,FALSE
jhtwtpi,TRUE,high,5,0,0,0,1,2026 days 04:10:42.504891,77 days 21:54:14.505436,1.35,FALSE,FALSE,TRUE,TRUE,FALSE,TRUE,TRUE,FALSE,TRUE,FALSE
js139240221,FALSE,so-so,9,0,0,0,0,357 days 19:42:17.504891,100 days 12:35:46.505436,1.5,TRUE,FALSE,TRUE,FALSE,TRUE,TRUE,FALSE,FALSE,FALSE,FALSE
gatzz,FALSE,so-so,15,5,0,0,0,2978 days 16:40:23.504891,36 days 08:35:10.505436,1.5,TRUE,FALSE,FALSE,TRUE,TRUE,TRUE,TRUE,FALSE,TRUE,FALSE
yixhawking,FALSE,low,0,0,0,0,0,81 days 13:45:15.504891,81 days 13:45:15.505436,0.5,FALSE,FALSE,FALSE,FALSE,FALSE,FALSE,FALSE,FALSE,FALSE,FALSE
byri1986,FALSE,low,15,0,0,0,0,453 days 13:26:25.504891,65 days 20:54:55.505436,1.5,TRUE,FALSE,FALSE,TRUE,FALSE,TRUE,TRUE,FALSE,FALSE,FALSE
best1219520,FALSE,low,1,0,0,0,0,178 days 12:40:06.504891,77 days 14:03:15.505436,1.3,FALSE,FALSE,FALSE,TRUE,TRUE,TRUE,TRUE,FALSE,TRUE,FALSE
kares0x,FALSE,low,3,0,1,1,2,2406 days 15:15:31.504891,31 days 04:49:55.505436,0.5,FALSE,FALSE,FALSE,FALSE,FALSE,FALSE,FALSE,FALSE,FALSE,FALSE
mostafahosseininezhad,FALSE,low,NA,NA,NA,NA,0,NA,NA,0.95,FALSE,FALSE,TRUE,FALSE,FALSE,TRUE,TRUE,FALSE,FALSE,FALSE
mettete,FALSE,low,NA,NA,NA,NA,0,NA,NA,0.5,FALSE,FALSE,FALSE,FALSE,FALSE,FALSE,FALSE,FALSE,FALSE,FALSE
supersuperfun,FALSE,low,NA,NA,NA,NA,0,NA,NA,0.9,FALSE,FALSE,FALSE,TRUE,FALSE,TRUE,FALSE,FALSE,FALSE,FALSE
junweiup,FALSE,low,NA,NA,NA,NA,0,NA,NA,0.8,FALSE,FALSE,FALSE,FALSE,FALSE,TRUE,TRUE,FALSE,FALSE,FALSE
descript,FALSE,so-so,NA,NA,NA,NA,0,NA,NA,0.75,FALSE,FALSE,FALSE,FALSE,TRUE,FALSE,FALSE,FALSE,FALSE,FALSE
thinkblue1122,FALSE,low,NA,NA,NA,NA,0,NA,NA,1.15,FALSE,FALSE,FALSE,TRUE,TRUE,TRUE,FALSE,FALSE,FALSE,FALSE
bfunk1,FALSE,so-so,NA,NA,NA,NA,0,NA,NA,0.5,FALSE,FALSE,FALSE,FALSE,FALSE,FALSE,FALSE,FALSE,FALSE,FALSE
schwarze77,FALSE,high,NA,NA,NA,NA,0,NA,NA,1.05,FALSE,FALSE,TRUE,FALSE,TRUE,TRUE,FALSE,FALSE,FALSE,FALSE
k0man4,FALSE,high,NA,NA,NA,NA,0,NA,NA,1,FALSE,FALSE,FALSE,TRUE,TRUE,FALSE,FALSE,FALSE,FALSE,FALSE
fallowu,FALSE,low,NA,NA,NA,NA,0,NA,NA,1.15,FALSE,FALSE,FALSE,TRUE,TRUE,TRUE,FALSE,FALSE,TRUE,FALSE
yibidiaozao,FALSE,low,NA,NA,NA,NA,0,NA,NA,1.3,FALSE,FALSE,FALSE,TRUE,TRUE,TRUE,TRUE,FALSE,FALSE,FALSE
stan690883120,FALSE,low,NA,NA,NA,NA,0,NA,NA,1.3,TRUE,FALSE,FALSE,FALSE,FALSE,TRUE,TRUE,FALSE,FALSE,FALSE
lovely1090,FALSE,low,NA,NA,NA,NA,0,NA,NA,0.5,FALSE,FALSE,FALSE,FALSE,FALSE,FALSE,FALSE,FALSE,FALSE,FALSE
hermessimplex,FALSE,so-so,NA,NA,NA,NA,0,NA,NA,1.45,FALSE,FALSE,TRUE,TRUE,TRUE,TRUE,TRUE,FALSE,TRUE,FALSE
gitcoin3,FALSE,low,NA,NA,NA,NA,0,NA,NA,0.5,FALSE,FALSE,FALSE,FALSE,FALSE,FALSE,FALSE,FALSE,FALSE,FALSE
birdmore,FALSE,low,NA,NA,NA,NA,0,NA,NA,0.9,FALSE,FALSE,FALSE,FALSE,TRUE,TRUE,FALSE,FALSE,TRUE,FALSE
kargakis,FALSE,high,NA,NA,NA,NA,0,NA,NA,1.3,FALSE,FALSE,TRUE,TRUE,TRUE,TRUE,FALSE,FALSE,FALSE,FALSE
mariabelmonte18,FALSE,low,NA,NA,NA,NA,0,NA,NA,1.5,TRUE,FALSE,TRUE,TRUE,FALSE,TRUE,TRUE,FALSE,TRUE,FALSE
490881961,FALSE,low,NA,NA,NA,NA,0,NA,NA,0.5,FALSE,FALSE,FALSE,FALSE,FALSE,FALSE,FALSE,FALSE,FALSE,FALSE
vetri02,FALSE,high,NA,NA,NA,NA,0,NA,NA,1.15,FALSE,FALSE,TRUE,TRUE,TRUE,FALSE,FALSE,FALSE,TRUE,FALSE
stwith,FALSE,so-so,NA,NA,NA,NA,0,NA,NA,0.65,FALSE,FALSE,TRUE,FALSE,FALSE,FALSE,FALSE,FALSE,FALSE,FALSE
andrev976,FALSE,low,NA,NA,NA,NA,0,NA,NA,0.5,FALSE,FALSE,FALSE,FALSE,FALSE,FALSE,FALSE,FALSE,FALSE,FALSE
macfeosfiamy,FALSE,high,NA,NA,NA,NA,0,NA,NA,1.5,TRUE,FALSE,FALSE,TRUE,TRUE,FALSE,FALSE,FALSE,FALSE,FALSE
ziki06,FALSE,low,NA,NA,NA,NA,0,NA,NA,0.5,FALSE,FALSE,FALSE,FALSE,FALSE,FALSE,FALSE,FALSE,FALSE,FALSE
luhan666666,TRUE,so-so,NA,NA,NA,NA,0,NA,NA,0.5,FALSE,FALSE,FALSE,FALSE,FALSE,FALSE,FALSE,FALSE,FALSE,FALSE
zllzdd,FALSE,low,NA,NA,NA,NA,0,NA,NA,1.15,TRUE,FALSE,FALSE,TRUE,TRUE,TRUE,FALSE,FALSE,TRUE,FALSE
andylovesnz,FALSE,so-so,NA,NA,NA,NA,0,NA,NA,1.5,TRUE,FALSE,FALSE,FALSE,TRUE,TRUE,TRUE,FALSE,FALSE,FALSE
xiurugreen,FALSE,so-so,NA,NA,NA,NA,0,NA,NA,1.5,TRUE,FALSE,TRUE,TRUE,TRUE,TRUE,FALSE,TRUE,FALSE,FALSE
17811889809,FALSE,low,NA,NA,NA,NA,0,NA,NA,0.65,FALSE,FALSE,FALSE,FALSE,FALSE,TRUE,FALSE,FALSE,FALSE,FALSE
nirroolat,FALSE,high,NA,NA,NA,NA,0,NA,NA,1.15,FALSE,FALSE,FALSE,TRUE,TRUE,TRUE,FALSE,FALSE,TRUE,FALSE
042au,TRUE,so-so,NA,NA,NA,NA,0,NA,NA,NA,NA,NA,NA,NA,NA,NA,NA,NA,NA,NA
jhaeyvhine2,TRUE,high,NA,NA,NA,NA,0,NA,NA,1.2,FALSE,FALSE,TRUE,TRUE,FALSE,TRUE,TRUE,FALSE,TRUE,FALSE
birdbeyondl,FALSE,low,NA,NA,NA,NA,0,NA,NA,0.5,FALSE,FALSE,FALSE,FALSE,FALSE,FALSE,FALSE,FALSE,FALSE,FALSE
woodstock-xkx,FALSE,so-so,NA,NA,NA,NA,0,NA,NA,0.5,FALSE,FALSE,FALSE,FALSE,FALSE,FALSE,FALSE,FALSE,FALSE,FALSE
codegod888,TRUE,high,NA,NA,NA,NA,0,NA,NA,0.5,FALSE,FALSE,FALSE,FALSE,FALSE,FALSE,FALSE,FALSE,FALSE,FALSE
con322,FALSE,so-so,NA,NA,NA,NA,0,NA,NA,1.45,FALSE,FALSE,FALSE,TRUE,TRUE,TRUE,TRUE,FALSE,FALSE,FALSE
okhui1,TRUE,high,NA,NA,NA,NA,0,NA,NA,1.15,FALSE,FALSE,FALSE,TRUE,TRUE,TRUE,FALSE,FALSE,FALSE,FALSE
yangmingming,FALSE,high,NA,NA,NA,NA,0,NA,NA,1.05,FALSE,FALSE,FALSE,TRUE,FALSE,TRUE,TRUE,FALSE,TRUE,FALSE
ztomepic,FALSE,high,NA,NA,NA,NA,0,NA,NA,1.5,TRUE,FALSE,FALSE,TRUE,TRUE,FALSE,FALSE,FALSE,FALSE,FALSE
villela9,TRUE,high,NA,NA,NA,NA,0,NA,NA,0.75,FALSE,FALSE,FALSE,TRUE,FALSE,FALSE,FALSE,FALSE,FALSE,FALSE
nick90020888,TRUE,high,NA,NA,NA,NA,0,NA,NA,1.5,TRUE,FALSE,FALSE,TRUE,TRUE,TRUE,FALSE,FALSE,FALSE,FALSE
lucarun,TRUE,so-so,NA,NA,NA,NA,0,NA,NA,0.5,FALSE,FALSE,FALSE,FALSE,FALSE,FALSE,FALSE,FALSE,FALSE,FALSE
koishikoko,FALSE,so-so,NA,NA,NA,NA,0,NA,NA,1.15,FALSE,FALSE,TRUE,TRUE,TRUE,FALSE,FALSE,FALSE,FALSE,FALSE
imnisen,FALSE,so-so,NA,NA,NA,NA,0,NA,NA,1.5,TRUE,FALSE,FALSE,TRUE,TRUE,TRUE,TRUE,FALSE,TRUE,FALSE
applepiestep,TRUE,high,NA,NA,NA,NA,0,NA,NA,0.5,FALSE,FALSE,FALSE,FALSE,FALSE,FALSE,FALSE,FALSE,FALSE,FALSE
yishumliao,FALSE,so-so,NA,NA,NA,NA,0,NA,NA,1.5,TRUE,FALSE,TRUE,TRUE,TRUE,TRUE,TRUE,FALSE,TRUE,FALSE
raypok,TRUE,high,0,2,0,0,3,1481 days 13:51:20.504891,38 days 23:57:28.505436,1.05,FALSE,FALSE,FALSE,TRUE,FALSE,FALSE,TRUE,FALSE,FALSE,FALSE
shintonylv,TRUE,high,1,0,0,4,0,225 days 20:56:00.504891,41 days 12:42:52.505436,0.8,FALSE,FALSE,FALSE,FALSE,FALSE,TRUE,TRUE,FALSE,FALSE,FALSE
lautwein,FALSE,low,0,0,3,6,3,3633 days 10:57:07.504891,2 days 02:43:47.505436,1.5,TRUE,FALSE,TRUE,FALSE,FALSE,TRUE,TRUE,FALSE,FALSE,FALSE
a186r,FALSE,so-so,96,12,12,17,3,2609 days 09:45:19.504891,44 days 09:55:26.505436,1.15,FALSE,FALSE,FALSE,TRUE,TRUE,TRUE,FALSE,FALSE,FALSE,FALSE
soroushosanlou,TRUE,high,1,0,1,1,0,528 days 17:07:31.504891,6 days 10:24:24.505436,0.5,TRUE,FALSE,FALSE,FALSE,FALSE,FALSE,FALSE,FALSE,FALSE,FALSE
gitofdw,TRUE,so-so,3,0,0,1,0,1411 days 09:08:51.504891,44 days 15:15:50.505436,1.45,FALSE,FALSE,TRUE,TRUE,TRUE,TRUE,FALSE,FALSE,TRUE,FALSE
larrytc47,FALSE,low,0,0,0,0,2,391 days 10:41:40.504891,48 days 21:28:49.505436,1.2,FALSE,FALSE,FALSE,TRUE,FALSE,TRUE,TRUE,FALSE,FALSE,FALSE
zoeywang502,TRUE,high,0,0,0,0,0,203 days 16:24:45.504891,77 days 18:29:30.505436,0.5,FALSE,FALSE,FALSE,FALSE,FALSE,FALSE,FALSE,FALSE,FALSE,FALSE
jackyutopia,TRUE,low,0,0,0,0,0,312 days 06:41:59.504891,78 days 09:26:08.505436,0.5,FALSE,FALSE,FALSE,FALSE,FALSE,FALSE,FALSE,FALSE,FALSE,FALSE
tc-troublemaker,TRUE,high,1,0,0,0,0,310 days 21:11:48.504891,61 days 17:46:35.505436,1.5,TRUE,FALSE,FALSE,FALSE,TRUE,TRUE,FALSE,FALSE,TRUE,FALSE
joecallyou,TRUE,high,2,0,0,0,0,455 days 19:41:04.504891,77 days 08:25:23.505436,1.45,FALSE,FALSE,FALSE,TRUE,TRUE,TRUE,TRUE,FALSE,FALSE,FALSE
kuangzhicheng203,FALSE,so-so,3,0,0,0,5,323 days 17:13:05.504891,49 days 08:37:47.505436,1.5,TRUE,FALSE,FALSE,TRUE,TRUE,TRUE,FALSE,FALSE,FALSE,FALSE
oatmilk3,TRUE,high,0,0,0,0,0,78 days 11:58:16.504891,78 days 11:58:16.505436,0.5,FALSE,FALSE,FALSE,FALSE,FALSE,FALSE,FALSE,FALSE,FALSE,FALSE
xiangqian021,FALSE,low,5,1,0,0,1,3203 days 09:07:34.504891,22 days 05:00:42.505436,1.5,TRUE,FALSE,TRUE,TRUE,TRUE,FALSE,FALSE,FALSE,FALSE,FALSE
ximendaguanren86,TRUE,high,0,0,0,0,0,282 days 13:52:07.504891,77 days 13:45:04.505436,0.5,FALSE,FALSE,FALSE,FALSE,FALSE,FALSE,FALSE,FALSE,FALSE,FALSE
congyue79,TRUE,high,0,0,0,0,0,132 days 14:18:05.504891,35 days 09:23:47.505436,1.2,FALSE,FALSE,FALSE,FALSE,TRUE,TRUE,TRUE,FALSE,FALSE,FALSE
welove11,FALSE,so-so,1,0,1,3,1,1973 days 15:24:01.504891,38 days 16:51:03.505436,1.5,TRUE,FALSE,TRUE,TRUE,TRUE,TRUE,FALSE,FALSE,TRUE,FALSE
darkvoyager,TRUE,high,0,0,0,0,1,78 days 07:31:23.504891,78 days 03:13:56.505436,0.5,FALSE,FALSE,FALSE,FALSE,FALSE,FALSE,FALSE,FALSE,FALSE,FALSE
hibitcoin,FALSE,low,0,0,0,0,1,89 days 14:45:39.504891,21 days 17:17:56.505436,1.5,TRUE,FALSE,FALSE,TRUE,TRUE,TRUE,FALSE,FALSE,FALSE,FALSE
chasepal,FALSE,low,2,0,0,1,0,1655 days 10:16:02.504891,105 days 15:03:49.505436,1.5,TRUE,FALSE,FALSE,TRUE,TRUE,TRUE,FALSE,FALSE,FALSE,FALSE
circlree,TRUE,high,NA,NA,NA,NA,0,NA,NA,0.75,FALSE,FALSE,FALSE,TRUE,FALSE,FALSE,FALSE,FALSE,FALSE,FALSE
miles0107,FALSE,low,0,0,0,0,0,245 days 09:03:36.504891,160 days 06:39:16.505436,1.2,FALSE,FALSE,FALSE,TRUE,FALSE,TRUE,TRUE,FALSE,FALSE,FALSE
aceqiu,FALSE,high,0,0,0,0,1,93 days 13:45:39.504891,42 days 12:52:19.505436,1.5,TRUE,FALSE,FALSE,TRUE,TRUE,TRUE,FALSE,FALSE,FALSE,FALSE
1989fengxue,FALSE,low,0,1,0,0,1,1479 days 11:54:07.504891,44 days 17:54:43.505436,0.5,FALSE,FALSE,FALSE,FALSE,FALSE,FALSE,FALSE,FALSE,FALSE,FALSE
tshazz,FALSE,so-so,0,0,0,0,0,148 days 07:18:03.504891,100 days 09:03:47.505436,1.4,TRUE,FALSE,FALSE,FALSE,TRUE,TRUE,FALSE,FALSE,FALSE,FALSE
matisyk,TRUE,high,1,0,0,0,0,506 days 10:25:37.504891,77 days 20:04:25.505436,0.5,FALSE,FALSE,FALSE,FALSE,FALSE,FALSE,FALSE,FALSE,FALSE,FALSE
disifan,TRUE,high,1,0,0,0,0,77 days 15:44:49.504891,20 days 19:00:00.505436,1.5,TRUE,FALSE,FALSE,TRUE,TRUE,TRUE,FALSE,FALSE,FALSE,FALSE
busegl,TRUE,high,1,0,0,0,0,77 days 06:42:40.504891,70 days 11:13:41.505436,0.8,FALSE,FALSE,FALSE,FALSE,FALSE,TRUE,FALSE,FALSE,FALSE,FALSE
darknighte5a,FALSE,low,0,0,0,1,2,148 days 03:54:32.504891,53 days 05:28:32.505436,0.5,FALSE,FALSE,FALSE,FALSE,FALSE,FALSE,FALSE,FALSE,FALSE,FALSE
petarstojkovski,TRUE,low,0,0,0,0,0,2333 days 15:51:02.504891,78 days 06:55:02.505436,0.95,FALSE,FALSE,FALSE,FALSE,FALSE,TRUE,TRUE,FALSE,FALSE,FALSE
taresky,FALSE,high,5,0,11,4,4,3205 days 11:18:00.504891,44 days 11:50:15.505436,1.35,FALSE,FALSE,TRUE,FALSE,TRUE,TRUE,TRUE,FALSE,FALSE,FALSE
felixjosemon,FALSE,high,30,8,24,4,4,2571 days 09:33:29.504891,0 days 17:49:11.505436,1.15,FALSE,FALSE,FALSE,TRUE,TRUE,TRUE,FALSE,FALSE,FALSE,FALSE
riczhi,TRUE,high,0,0,0,0,0,78 days 07:16:27.504891,78 days 07:16:27.505436,0.5,FALSE,FALSE,FALSE,FALSE,FALSE,FALSE,FALSE,FALSE,TRUE,FALSE
luke571,TRUE,high,0,0,0,0,0,450 days 06:55:52.504891,246 days 12:23:09.505436,0.5,FALSE,FALSE,FALSE,FALSE,FALSE,FALSE,FALSE,FALSE,FALSE,FALSE
omureren,FALSE,low,0,0,0,0,0,142 days 00:22:31.504891,32 days 08:11:42.505436,0.5,FALSE,FALSE,FALSE,FALSE,FALSE,FALSE,FALSE,FALSE,FALSE,FALSE
zkeducation,FALSE,high,2,0,0,0,0,839 days 22:38:23.504891,72 days 16:18:33.505436,0.65,FALSE,FALSE,FALSE,FALSE,FALSE,FALSE,FALSE,FALSE,FALSE,FALSE
imbateddy,FALSE,low,5,0,0,0,0,1805 days 20:26:16.504891,77 days 12:59:44.505436,1.5,TRUE,FALSE,FALSE,TRUE,FALSE,TRUE,TRUE,FALSE,FALSE,FALSE
marrrco76,TRUE,low,1,0,0,0,0,85 days 10:33:14.504891,85 days 10:31:30.505436,0.5,FALSE,FALSE,FALSE,FALSE,FALSE,FALSE,FALSE,FALSE,FALSE,FALSE
msilight,TRUE,high,NA,NA,NA,NA,0,NA,NA,1.25,TRUE,FALSE,FALSE,FALSE,TRUE,FALSE,FALSE,FALSE,FALSE,FALSE
dapang518518,FALSE,low,4,0,0,0,1,517 days 21:00:25.504891,60 days 14:56:36.505436,1.25,TRUE,FALSE,FALSE,FALSE,TRUE,FALSE,TRUE,FALSE,FALSE,FALSE
springirl,TRUE,high,0,0,0,0,0,77 days 11:07:35.504891,77 days 11:07:35.505436,0.5,FALSE,FALSE,FALSE,FALSE,FALSE,FALSE,FALSE,FALSE,FALSE,FALSE
cemozsa,TRUE,low,1,0,0,0,0,78 days 07:42:44.504891,22 days 01:40:59.505436,0.5,FALSE,FALSE,FALSE,FALSE,FALSE,FALSE,FALSE,FALSE,FALSE,FALSE
wd398,TRUE,low,0,0,0,0,1,85 days 15:05:51.504891,63 days 18:57:24.505436,1.4,TRUE,FALSE,FALSE,FALSE,TRUE,TRUE,FALSE,FALSE,FALSE,FALSE
liujonson,TRUE,high,3,0,0,0,0,797 days 10:30:17.504891,61 days 12:41:42.505436,1.2,FALSE,FALSE,TRUE,TRUE,TRUE,TRUE,TRUE,FALSE,FALSE,FALSE
jksdf83243,TRUE,low,0,0,0,0,0,77 days 12:32:44.504891,77 days 12:32:44.505436,0.5,FALSE,FALSE,FALSE,FALSE,FALSE,FALSE,FALSE,FALSE,FALSE,FALSE
boomblip,FALSE,low,0,0,0,0,0,1775 days 03:05:15.504891,77 days 05:55:24.505436,0.5,FALSE,FALSE,FALSE,FALSE,FALSE,FALSE,FALSE,FALSE,FALSE,FALSE
yanguanghe,FALSE,low,0,0,0,0,0,171 days 20:33:42.504891,29 days 13:44:49.505436,1.3,TRUE,FALSE,FALSE,FALSE,FALSE,TRUE,TRUE,FALSE,FALSE,FALSE
wyman999,FALSE,high,6,0,0,0,0,392 days 07:53:44.504891,77 days 19:28:45.505436,1.3,FALSE,FALSE,FALSE,TRUE,TRUE,TRUE,TRUE,FALSE,TRUE,FALSE
myxiao7,FALSE,low,14,0,0,0,5,3088 days 09:41:21.504891,1 days 14:42:17.505436,1.5,TRUE,FALSE,FALSE,TRUE,TRUE,TRUE,TRUE,FALSE,FALSE,FALSE
enrbh,TRUE,low,0,0,0,25,0,516 days 17:43:42.504891,17 days 04:06:07.505436,1.15,FALSE,FALSE,FALSE,TRUE,TRUE,FALSE,FALSE,FALSE,TRUE,FALSE
michaelgiesen,FALSE,high,1,0,2,2,7,1008 days 06:20:01.504891,37 days 00:12:21.505436,1.5,TRUE,FALSE,TRUE,TRUE,TRUE,TRUE,TRUE,FALSE,FALSE,FALSE
cateegit,TRUE,low,0,0,0,0,0,77 days 10:39:44.504891,44 days 06:49:29.505436,0.65,FALSE,FALSE,FALSE,FALSE,FALSE,TRUE,FALSE,FALSE,TRUE,FALSE
duxiaolong92,TRUE,low,25,1,17,32,0,3313 days 09:37:41.504891,78 days 07:03:18.505436,0.5,FALSE,FALSE,FALSE,FALSE,FALSE,FALSE,FALSE,FALSE,FALSE,FALSE
ladanuzhna,FALSE,high,9,0,4,5,2,917 days 06:04:12.504891,79 days 03:11:17.505436,0.65,FALSE,FALSE,TRUE,FALSE,FALSE,FALSE,FALSE,FALSE,FALSE,FALSE
80386-eth,TRUE,so-so,0,0,0,0,0,77 days 21:19:09.504891,77 days 21:19:09.505436,0.5,FALSE,FALSE,FALSE,FALSE,FALSE,FALSE,FALSE,FALSE,FALSE,FALSE
shannonsaunders,TRUE,high,1,0,0,0,0,265 days 16:10:21.504891,94 days 12:31:34.505436,1.05,FALSE,FALSE,FALSE,TRUE,FALSE,TRUE,TRUE,FALSE,FALSE,FALSE
okhui2,FALSE,so-so,0,0,0,0,0,352 days 17:09:55.504891,77 days 17:41:06.505436,0.9,FALSE,FALSE,FALSE,FALSE,TRUE,TRUE,FALSE,FALSE,FALSE,FALSE
bicointomoon,FALSE,so-so,0,0,0,0,0,429 days 12:59:52.504891,32 days 13:06:02.505436,1.5,TRUE,FALSE,TRUE,TRUE,TRUE,TRUE,FALSE,FALSE,FALSE,FALSE
goodjorx,TRUE,so-so,0,0,0,0,0,348 days 11:25:27.504891,229 days 10:13:52.505436,0.5,FALSE,FALSE,FALSE,FALSE,FALSE,FALSE,FALSE,FALSE,FALSE,FALSE
wenwen336,TRUE,low,0,0,0,0,0,147 days 05:52:17.504891,147 days 05:39:20.505436,1.5,TRUE,FALSE,TRUE,TRUE,FALSE,TRUE,TRUE,FALSE,FALSE,FALSE
zhuyonghui666,TRUE,low,0,0,0,0,0,78 days 14:49:40.504891,78 days 14:49:40.505436,0.5,FALSE,FALSE,FALSE,FALSE,FALSE,FALSE,FALSE,FALSE,FALSE,FALSE
rqmqzqn,TRUE,low,0,0,0,0,0,77 days 08:20:48.504891,77 days 08:20:48.505436,0.8,FALSE,FALSE,TRUE,FALSE,FALSE,TRUE,FALSE,FALSE,FALSE,FALSE
yangzhangsheng,TRUE,low,0,1,0,0,0,984 days 10:32:44.504891,42 days 18:10:16.505436,1.3,TRUE,FALSE,FALSE,FALSE,FALSE,TRUE,TRUE,FALSE,TRUE,FALSE
yosukesz,TRUE,high,3,0,0,0,0,2181 days 23:01:07.504891,79 days 22:25:55.505436,0.5,FALSE,FALSE,FALSE,FALSE,FALSE,FALSE,FALSE,FALSE,FALSE,FALSE
nayge,TRUE,so-so,0,0,0,0,0,78 days 05:24:17.504891,78 days 05:24:17.505436,0.8,FALSE,FALSE,FALSE,FALSE,FALSE,TRUE,FALSE,FALSE,FALSE,FALSE
ganhaa,FALSE,so-so,0,0,0,0,0,1347 days 04:58:22.504891,78 days 07:05:58.505436,1.5,TRUE,FALSE,FALSE,TRUE,TRUE,TRUE,TRUE,FALSE,FALSE,FALSE
emhlbmc,FALSE,high,43,2,31,61,2,2930 days 18:46:16.504891,7 days 19:14:46.505436,1.5,TRUE,FALSE,TRUE,TRUE,FALSE,TRUE,TRUE,FALSE,FALSE,FALSE
panyaojian,TRUE,high,0,0,113,172,1,161 days 11:44:06.504891,44 days 12:59:36.505436,0.75,FALSE,FALSE,FALSE,TRUE,FALSE,TRUE,FALSE,FALSE,FALSE,FALSE
af7777713,FALSE,so-so,0,0,0,0,0,264 days 13:17:57.504891,22 days 20:17:01.505436,0.9,FALSE,FALSE,FALSE,TRUE,FALSE,TRUE,FALSE,FALSE,FALSE,FALSE
juhuai,FALSE,so-so,0,0,0,0,0,1431 days 17:46:44.504891,77 days 13:57:36.505436,1.5,TRUE,FALSE,TRUE,FALSE,TRUE,TRUE,TRUE,FALSE,TRUE,FALSE
blue8848,TRUE,low,0,0,0,0,2,91 days 15:31:42.504891,42 days 12:43:17.505436,1.5,TRUE,FALSE,FALSE,TRUE,TRUE,TRUE,FALSE,FALSE,FALSE,FALSE
arpel209,TRUE,so-so,0,0,0,0,0,101 days 01:32:32.504891,101 days 01:32:32.505436,1,FALSE,FALSE,FALSE,TRUE,TRUE,FALSE,FALSE,FALSE,FALSE,FALSE
chenhanjun900604,TRUE,so-so,1,0,0,0,0,89 days 19:43:24.504891,61 days 15:27:17.505436,1.05,FALSE,FALSE,FALSE,TRUE,FALSE,TRUE,TRUE,FALSE,FALSE,FALSE
cryptomee,TRUE,high,0,0,0,0,0,82 days 17:18:30.504891,82 days 17:18:30.505436,0.5,TRUE,FALSE,FALSE,FALSE,FALSE,FALSE,FALSE,FALSE,FALSE,FALSE
zhuchao0211,FALSE,so-so,0,0,0,0,0,345 days 20:04:49.504891,54 days 20:56:55.505436,1.5,TRUE,FALSE,TRUE,FALSE,TRUE,TRUE,TRUE,FALSE,FALSE,FALSE
ztf2020,TRUE,so-so,11,0,0,0,1,255 days 12:17:05.504891,3 days 17:34:42.505436,0.5,FALSE,FALSE,FALSE,FALSE,FALSE,FALSE,FALSE,FALSE,FALSE,FALSE
licett,FALSE,so-so,3,0,0,5,4,3093 days 17:06:22.504891,33 days 21:09:26.505436,1.5,TRUE,FALSE,FALSE,FALSE,TRUE,TRUE,TRUE,FALSE,FALSE,FALSE
kryptovlada,FALSE,high,0,0,0,0,0,426 days 23:59:39.504891,30 days 08:03:17.505436,1.1,FALSE,FALSE,TRUE,FALSE,FALSE,TRUE,TRUE,FALSE,TRUE,FALSE
yanganming,FALSE,so-so,0,0,0,0,0,363 days 08:40:49.504891,129 days 17:42:29.505436,1.5,TRUE,FALSE,FALSE,TRUE,TRUE,TRUE,FALSE,FALSE,TRUE,FALSE
starinthesky2021,TRUE,so-so,0,0,0,0,0,77 days 06:58:06.504891,77 days 06:58:06.505436,0.8,TRUE,FALSE,FALSE,FALSE,FALSE,TRUE,FALSE,FALSE,TRUE,FALSE
pompeiixxx,TRUE,high,0,0,0,0,0,91 days 13:15:01.504891,47 days 11:13:36.505436,0.5,FALSE,FALSE,FALSE,FALSE,FALSE,FALSE,FALSE,FALSE,FALSE,FALSE
riplash,TRUE,so-so,0,0,0,0,0,2812 days 06:02:37.504891,385 days 06:54:10.505436,0.5,FALSE,FALSE,FALSE,FALSE,FALSE,FALSE,FALSE,FALSE,FALSE,FALSE
forestcoin,TRUE,high,1,0,2,0,2,2165 days 10:28:20.504891,0 days 20:10:25.505436,1.05,FALSE,FALSE,TRUE,TRUE,FALSE,TRUE,FALSE,FALSE,FALSE,FALSE
songm1ng,FALSE,high,10,0,0,0,0,823 days 19:21:35.504891,44 days 17:11:54.505436,1.5,TRUE,FALSE,TRUE,TRUE,TRUE,TRUE,TRUE,FALSE,FALSE,FALSE
jimjimvalkema,FALSE,high,7,1,1,0,0,1709 days 02:34:56.504891,2 days 22:11:13.505436,1.5,FALSE,FALSE,TRUE,TRUE,TRUE,TRUE,TRUE,FALSE,TRUE,FALSE
qiudao,FALSE,so-so,10,1,0,2,0,2034 days 13:15:09.504891,203 days 19:27:54.505436,0.8,FALSE,FALSE,FALSE,FALSE,FALSE,TRUE,TRUE,FALSE,FALSE,FALSE
0xvenom,FALSE,low,NA,NA,NA,NA,0,NA,NA,0.5,FALSE,FALSE,FALSE,FALSE,FALSE,FALSE,FALSE,FALSE,FALSE,FALSE
mleagle69,FALSE,low,NA,NA,NA,NA,0,NA,NA,0.8,FALSE,FALSE,FALSE,FALSE,FALSE,TRUE,TRUE,FALSE,FALSE,FALSE
0xgabor,FALSE,high,NA,NA,NA,NA,0,NA,NA,1,FALSE,FALSE,FALSE,TRUE,TRUE,FALSE,FALSE,FALSE,FALSE,FALSE
minebuu,FALSE,high,NA,NA,NA,NA,0,NA,NA,1.5,FALSE,FALSE,TRUE,TRUE,TRUE,TRUE,TRUE,FALSE,FALSE,FALSE
bobbywol,FALSE,so-so,NA,NA,NA,NA,0,NA,NA,0.5,FALSE,FALSE,FALSE,FALSE,FALSE,FALSE,FALSE,FALSE,FALSE,FALSE
tianyaowang5,TRUE,so-so,NA,NA,NA,NA,0,NA,NA,1.5,TRUE,FALSE,FALSE,TRUE,TRUE,TRUE,TRUE,FALSE,FALSE,FALSE
ergun0x,TRUE,low,NA,NA,NA,NA,0,NA,NA,0.75,FALSE,FALSE,FALSE,FALSE,TRUE,FALSE,FALSE,FALSE,FALSE,FALSE
meshboxfoundation,FALSE,so-so,NA,NA,NA,NA,0,NA,NA,0.5,FALSE,FALSE,FALSE,FALSE,FALSE,FALSE,FALSE,FALSE,FALSE,FALSE
amirog,FALSE,low,NA,NA,NA,NA,0,NA,NA,1.45,TRUE,FALSE,TRUE,FALSE,FALSE,TRUE,FALSE,FALSE,FALSE,FALSE
xiaoshahui,TRUE,so-so,NA,NA,NA,NA,0,NA,NA,1.5,TRUE,FALSE,FALSE,TRUE,FALSE,TRUE,TRUE,FALSE,TRUE,FALSE
rainman1973,FALSE,low,NA,NA,NA,NA,0,NA,NA,1.5,TRUE,FALSE,FALSE,TRUE,TRUE,TRUE,TRUE,FALSE,FALSE,FALSE
taofengno1,TRUE,low,NA,NA,NA,NA,0,NA,NA,1.05,FALSE,FALSE,FALSE,FALSE,TRUE,TRUE,FALSE,FALSE,FALSE,FALSE
mybtc666,TRUE,low,NA,NA,NA,NA,0,NA,NA,1.05,FALSE,FALSE,FALSE,TRUE,FALSE,TRUE,TRUE,FALSE,TRUE,FALSE
fgjkhgk,FALSE,low,NA,NA,NA,NA,0,NA,NA,0.5,FALSE,FALSE,FALSE,FALSE,FALSE,FALSE,FALSE,FALSE,FALSE,FALSE
felix0x,TRUE,so-so,NA,NA,NA,NA,0,NA,NA,0.5,FALSE,FALSE,FALSE,FALSE,FALSE,FALSE,FALSE,FALSE,FALSE,FALSE
hujianglang,FALSE,high,NA,NA,NA,NA,0,NA,NA,1.5,TRUE,FALSE,TRUE,TRUE,TRUE,TRUE,TRUE,FALSE,TRUE,FALSE
tianlongz1995,TRUE,so-so,NA,NA,NA,NA,0,NA,NA,0.5,FALSE,FALSE,FALSE,FALSE,FALSE,FALSE,FALSE,FALSE,FALSE,FALSE
0xfreya,TRUE,low,NA,NA,NA,NA,0,NA,NA,0.5,FALSE,FALSE,FALSE,FALSE,FALSE,FALSE,FALSE,FALSE,FALSE,FALSE
maximlyu,TRUE,low,NA,NA,NA,NA,0,NA,NA,1.5,TRUE,FALSE,TRUE,TRUE,TRUE,TRUE,FALSE,FALSE,TRUE,FALSE
zhangjiannan,FALSE,high,NA,NA,NA,NA,0,NA,NA,0.65,FALSE,FALSE,TRUE,FALSE,FALSE,FALSE,FALSE,FALSE,FALSE,FALSE
frk1903,TRUE,high,NA,NA,NA,NA,0,NA,NA,0.8,FALSE,FALSE,FALSE,FALSE,FALSE,TRUE,TRUE,FALSE,TRUE,FALSE
defiglenn,FALSE,so-so,NA,NA,NA,NA,0,NA,NA,1.5,TRUE,FALSE,TRUE,TRUE,FALSE,TRUE,TRUE,FALSE,FALSE,FALSE
customerjin,TRUE,low,NA,NA,NA,NA,0,NA,NA,1.2,FALSE,FALSE,TRUE,FALSE,TRUE,TRUE,TRUE,FALSE,TRUE,FALSE
cea1yn,TRUE,high,NA,NA,NA,NA,0,NA,NA,1.15,TRUE,FALSE,FALSE,FALSE,FALSE,TRUE,FALSE,FALSE,FALSE,FALSE
lumengzhu,TRUE,so-so,NA,NA,NA,NA,0,NA,NA,1.15,TRUE,FALSE,FALSE,FALSE,FALSE,TRUE,FALSE,FALSE,TRUE,FALSE
taisen405512,FALSE,so-so,NA,NA,NA,NA,0,NA,NA,1.5,TRUE,FALSE,FALSE,TRUE,TRUE,TRUE,FALSE,FALSE,TRUE,FALSE
qddtdlko,TRUE,so-so,NA,NA,NA,NA,0,NA,NA,1.15,FALSE,FALSE,FALSE,TRUE,TRUE,TRUE,FALSE,FALSE,FALSE,FALSE
mgy82563646,FALSE,so-so,NA,NA,NA,NA,0,NA,NA,1.4,TRUE,FALSE,FALSE,TRUE,FALSE,TRUE,FALSE,FALSE,FALSE,FALSE
hululu188,TRUE,so-so,NA,NA,NA,NA,0,NA,NA,0.5,FALSE,FALSE,FALSE,FALSE,FALSE,FALSE,FALSE,FALSE,FALSE,FALSE
kimleesin,TRUE,so-so,NA,NA,NA,NA,0,NA,NA,0.5,FALSE,FALSE,FALSE,FALSE,FALSE,FALSE,FALSE,FALSE,FALSE,FALSE
madibaa37,FALSE,so-so,NA,NA,NA,NA,0,NA,NA,1.5,TRUE,FALSE,TRUE,TRUE,TRUE,FALSE,FALSE,FALSE,FALSE,FALSE
iancai,FALSE,high,NA,NA,NA,NA,0,NA,NA,0.5,FALSE,FALSE,FALSE,FALSE,FALSE,TRUE,FALSE,FALSE,FALSE,FALSE
a369440951,TRUE,high,NA,NA,NA,NA,0,NA,NA,1.15,FALSE,FALSE,FALSE,TRUE,TRUE,TRUE,FALSE,FALSE,TRUE,FALSE
okhui4,FALSE,low,NA,NA,NA,NA,0,NA,NA,1.15,FALSE,FALSE,FALSE,TRUE,TRUE,TRUE,FALSE,FALSE,FALSE,FALSE
labrav,TRUE,low,NA,NA,NA,NA,0,NA,NA,0.5,FALSE,FALSE,FALSE,FALSE,FALSE,FALSE,FALSE,FALSE,FALSE,FALSE
0xfrank,TRUE,so-so,NA,NA,NA,NA,0,NA,NA,0.5,FALSE,FALSE,FALSE,FALSE,FALSE,TRUE,FALSE,FALSE,TRUE,FALSE
irodders,TRUE,high,NA,NA,NA,NA,0,NA,NA,0.5,FALSE,FALSE,FALSE,FALSE,FALSE,TRUE,FALSE,FALSE,FALSE,FALSE
dacle9,FALSE,so-so,NA,NA,NA,NA,0,NA,NA,1.2,FALSE,FALSE,FALSE,TRUE,FALSE,TRUE,TRUE,FALSE,FALSE,FALSE
lilin5663,TRUE,so-so,NA,NA,NA,NA,0,NA,NA,0.65,TRUE,FALSE,FALSE,FALSE,FALSE,TRUE,FALSE,FALSE,FALSE,FALSE
t376603359,TRUE,so-so,NA,NA,NA,NA,0,NA,NA,1.5,TRUE,FALSE,TRUE,TRUE,TRUE,TRUE,FALSE,FALSE,FALSE,FALSE
bh153,TRUE,high,NA,NA,NA,NA,0,NA,NA,0.5,FALSE,FALSE,FALSE,FALSE,FALSE,FALSE,FALSE,FALSE,FALSE,FALSE
laosanv,FALSE,so-so,0,0,0,0,0,147 days 19:34:50.504891,82 days 19:51:08.505436,1.5,TRUE,FALSE,TRUE,FALSE,FALSE,TRUE,TRUE,FALSE,FALSE,FALSE
jcbm123143,FALSE,so-so,6,3,77,64,2,1984 days 11:09:43.504891,3 days 19:37:39.505436,1.5,TRUE,FALSE,TRUE,TRUE,FALSE,TRUE,TRUE,FALSE,TRUE,FALSE
keiven-d,TRUE,so-so,2,0,0,0,6,271 days 05:46:25.504891,25 days 06:09:51.505436,1.15,FALSE,FALSE,FALSE,TRUE,TRUE,TRUE,FALSE,FALSE,TRUE,FALSE
lamerdem,TRUE,so-so,0,0,0,0,0,98 days 12:48:35.504891,43 days 08:55:02.505436,0.5,FALSE,FALSE,FALSE,FALSE,FALSE,FALSE,FALSE,FALSE,FALSE,FALSE
misterekko,TRUE,so-so,1,0,0,0,1,388 days 16:41:56.504891,40 days 04:38:55.505436,1.05,FALSE,FALSE,FALSE,FALSE,TRUE,TRUE,FALSE,FALSE,FALSE,FALSE
arymoon,TRUE,low,1,0,0,0,0,265 days 22:19:34.504891,77 days 09:35:30.505436,0.5,FALSE,FALSE,FALSE,FALSE,FALSE,FALSE,FALSE,FALSE,FALSE,FALSE
xiaokengji,TRUE,low,0,0,0,0,0,156 days 20:19:01.504891,156 days 20:19:01.505436,1.5,TRUE,FALSE,FALSE,TRUE,FALSE,TRUE,TRUE,FALSE,FALSE,FALSE
nodexia,TRUE,low,0,0,0,0,0,289 days 17:28:23.504891,289 days 17:28:23.505436,0.5,FALSE,FALSE,FALSE,FALSE,FALSE,FALSE,FALSE,FALSE,FALSE,FALSE
pyrexliongs,TRUE,so-so,0,0,0,0,0,159 days 11:08:27.504891,77 days 15:49:53.505436,0.5,FALSE,FALSE,FALSE,FALSE,FALSE,FALSE,FALSE,FALSE,TRUE,FALSE
mdben1247,FALSE,so-so,5,0,2,0,1,2572 days 11:19:01.504891,190 days 16:32:51.505436,0.5,FALSE,FALSE,FALSE,FALSE,FALSE,FALSE,FALSE,FALSE,FALSE,FALSE
rabursky,FALSE,so-so,22,2,11,7,1,3982 days 04:18:31.504891,12 days 08:32:01.505436,1.3,FALSE,FALSE,FALSE,TRUE,TRUE,TRUE,FALSE,FALSE,FALSE,FALSE
dongzhuoyao,FALSE,high,200,66,45,140,1,2396 days 12:20:14.504891,6 days 09:14:59.505436,1.45,FALSE,FALSE,TRUE,TRUE,TRUE,TRUE,FALSE,FALSE,TRUE,FALSE
tiberiusb,FALSE,so-so,5,1,3,8,0,3257 days 03:35:46.504891,1 days 04:00:39.505436,0.95,FALSE,FALSE,TRUE,FALSE,FALSE,TRUE,TRUE,FALSE,FALSE,FALSE
carlos347a,TRUE,high,1,0,0,0,0,179 days 08:52:03.504891,18 days 00:50:58.505436,0.95,FALSE,FALSE,TRUE,FALSE,FALSE,TRUE,TRUE,FALSE,FALSE,FALSE
abc2371681,TRUE,high,0,0,0,0,0,1266 days 01:28:02.504891,78 days 10:18:27.505436,0.8,FALSE,FALSE,FALSE,FALSE,FALSE,TRUE,TRUE,FALSE,FALSE,FALSE
streetsoul35,TRUE,so-so,12,0,0,0,0,161 days 21:27:27.504891,78 days 13:24:52.505436,0.9,FALSE,FALSE,FALSE,TRUE,FALSE,TRUE,TRUE,FALSE,FALSE,FALSE
ayisoli,TRUE,high,1,0,0,1,1,1712 days 05:01:16.504891,34 days 06:46:47.505436,1.5,TRUE,FALSE,FALSE,TRUE,TRUE,FALSE,FALSE,FALSE,FALSE,FALSE
wafm0708,TRUE,high,8,0,0,2,0,1840 days 13:12:44.504891,66 days 05:33:34.505436,0.5,FALSE,FALSE,FALSE,FALSE,FALSE,FALSE,FALSE,FALSE,FALSE,FALSE
goodlife847,TRUE,low,0,0,0,0,0,77 days 18:58:55.504891,77 days 18:58:55.505436,0.5,FALSE,FALSE,FALSE,FALSE,FALSE,FALSE,FALSE,FALSE,FALSE,FALSE
ivantokarev9458,FALSE,so-so,8,0,0,0,5,831 days 09:05:00.504891,36 days 14:02:29.505436,1.3,TRUE,FALSE,FALSE,TRUE,TRUE,TRUE,FALSE,FALSE,TRUE,FALSE
cosinhs,FALSE,low,29,0,19,186,4,1810 days 15:49:45.504891,31 days 08:17:49.505436,1.5,TRUE,FALSE,FALSE,TRUE,TRUE,TRUE,FALSE,FALSE,FALSE,FALSE
nixiuhui,TRUE,so-so,11,0,3,14,2,3725 days 21:58:33.504891,10 days 07:41:24.505436,1.5,TRUE,FALSE,FALSE,TRUE,TRUE,TRUE,FALSE,FALSE,FALSE,FALSE
jaysonkit241990,TRUE,so-so,0,1,26,20,3,1417 days 17:48:11.504891,26 days 11:42:28.505436,1.5,FALSE,FALSE,TRUE,TRUE,TRUE,TRUE,TRUE,FALSE,FALSE,FALSE
ealtog,TRUE,low,0,0,0,0,0,318 days 16:58:20.504891,96 days 13:03:37.505436,0.5,FALSE,FALSE,FALSE,FALSE,FALSE,FALSE,FALSE,FALSE,FALSE,FALSE
lioutlook,TRUE,low,0,0,0,0,0,151 days 14:10:59.504891,77 days 14:08:49.505436,1.4,TRUE,FALSE,FALSE,TRUE,FALSE,TRUE,FALSE,FALSE,FALSE,FALSE
xinke666,TRUE,so-so,0,0,0,0,1,1382 days 11:04:53.504891,44 days 19:22:49.505436,1.3,TRUE,FALSE,FALSE,FALSE,FALSE,TRUE,TRUE,FALSE,FALSE,FALSE
pigpig00,TRUE,low,1,0,0,0,0,162 days 09:38:40.504891,66 days 12:51:30.505436,1.4,TRUE,FALSE,FALSE,TRUE,FALSE,TRUE,FALSE,FALSE,FALSE,FALSE
bberry259,FALSE,so-so,0,0,0,0,1,2906 days 07:40:49.504891,38 days 04:37:42.505436,0.95,FALSE,FALSE,TRUE,FALSE,FALSE,TRUE,FALSE,FALSE,FALSE,FALSE
nealser,FALSE,low,0,0,0,0,0,602 days 07:13:12.504891,268 days 02:00:05.505436,0.65,FALSE,FALSE,FALSE,FALSE,FALSE,FALSE,FALSE,FALSE,FALSE,FALSE
keaiaiai,TRUE,low,0,0,0,0,0,359 days 12:07:04.504891,359 days 08:08:57.505436,0.5,FALSE,FALSE,FALSE,FALSE,FALSE,FALSE,FALSE,FALSE,FALSE,FALSE
pelakee13,TRUE,low,0,0,106,122,4,77 days 07:27:34.504891,32 days 14:28:21.505436,1.5,TRUE,FALSE,TRUE,FALSE,TRUE,TRUE,TRUE,FALSE,TRUE,FALSE
ipfsxian,FALSE,so-so,1,1,0,0,0,597 days 17:34:34.504891,6 days 19:01:18.505436,1.5,TRUE,FALSE,TRUE,TRUE,TRUE,TRUE,TRUE,FALSE,TRUE,FALSE
astrotseng,FALSE,low,2,0,0,0,0,343 days 13:53:57.504891,78 days 13:28:40.505436,0.65,FALSE,FALSE,FALSE,FALSE,FALSE,TRUE,FALSE,FALSE,FALSE,FALSE
softlipa1018,FALSE,so-so,2,0,0,0,1,262 days 07:54:15.504891,44 days 19:44:31.505436,1.5,TRUE,FALSE,TRUE,FALSE,TRUE,TRUE,TRUE,FALSE,FALSE,FALSE
tutuha007,FALSE,so-so,1,0,0,0,0,154 days 14:32:39.504891,63 days 13:31:14.505436,1.15,TRUE,FALSE,FALSE,FALSE,FALSE,TRUE,TRUE,FALSE,FALSE,FALSE
gurolercan1,TRUE,low,0,0,0,0,0,80 days 12:42:22.504891,80 days 12:42:22.505436,0.5,FALSE,FALSE,FALSE,FALSE,FALSE,FALSE,FALSE,FALSE,FALSE,FALSE
micomiake,TRUE,low,1,0,0,0,0,78 days 11:36:49.504891,60 days 14:16:43.505436,0.65,FALSE,FALSE,FALSE,FALSE,FALSE,TRUE,FALSE,FALSE,TRUE,FALSE
clock-1,TRUE,low,0,0,0,0,0,77 days 09:22:19.504891,77 days 09:22:19.505436,0.5,FALSE,FALSE,FALSE,FALSE,FALSE,FALSE,FALSE,FALSE,FALSE,FALSE
mragicl,FALSE,so-so,4,0,0,0,0,857 days 03:35:56.504891,47 days 12:15:23.505436,0.75,FALSE,FALSE,FALSE,FALSE,TRUE,FALSE,FALSE,FALSE,FALSE,FALSE
lohit03,FALSE,so-so,2,0,1,5,0,847 days 09:15:02.504891,19 days 13:27:12.505436,1.05,FALSE,FALSE,TRUE,FALSE,TRUE,TRUE,FALSE,FALSE,FALSE,FALSE
akaxiaok,FALSE,high,33,54,2,17,4,3014 days 11:11:09.504891,47 days 10:26:07.505436,1.4,TRUE,FALSE,FALSE,FALSE,TRUE,TRUE,FALSE,FALSE,TRUE,FALSE
stevenyeong1,FALSE,low,1,0,0,0,0,80 days 13:25:04.504891,59 days 15:12:35.505436,1.2,FALSE,FALSE,FALSE,FALSE,TRUE,TRUE,TRUE,FALSE,FALSE,FALSE
cakoyo,FALSE,high,9,3,43,41,4,1380 days 09:16:46.504891,2 days 03:48:38.505436,1.45,FALSE,FALSE,TRUE,TRUE,TRUE,TRUE,FALSE,FALSE,TRUE,FALSE
menghua-cheng,FALSE,low,3,0,1,0,3,4096 days 16:15:01.504891,500 days 16:39:13.505436,0.65,FALSE,FALSE,FALSE,FALSE,FALSE,TRUE,FALSE,FALSE,TRUE,FALSE
pepperkin,FALSE,so-so,0,0,0,0,2,95 days 16:03:13.504891,8 days 18:21:29.505436,1.4,TRUE,FALSE,FALSE,FALSE,TRUE,TRUE,FALSE,FALSE,FALSE,FALSE
evanotreal,TRUE,low,0,0,0,0,0,77 days 13:42:22.504891,77 days 13:42:22.505436,0.5,FALSE,FALSE,FALSE,FALSE,FALSE,FALSE,FALSE,FALSE,FALSE,FALSE
nobody8886,TRUE,low,0,0,0,0,0,77 days 05:43:02.504891,77 days 05:43:02.505436,1.05,FALSE,FALSE,TRUE,TRUE,FALSE,TRUE,FALSE,FALSE,FALSE,FALSE
anon61,TRUE,low,0,0,0,0,1,78 days 12:17:54.504891,78 days 12:11:19.505436,0.65,FALSE,FALSE,FALSE,FALSE,FALSE,TRUE,FALSE,FALSE,FALSE,FALSE
titoisasmendi,FALSE,low,2,0,0,2,0,1632 days 22:10:47.504891,88 days 07:31:55.505436,0.75,FALSE,FALSE,FALSE,TRUE,FALSE,FALSE,FALSE,FALSE,FALSE,FALSE
qmt56888,TRUE,low,0,0,0,0,4,82 days 16:13:31.504891,30 days 21:46:00.505436,1.3,TRUE,FALSE,FALSE,FALSE,FALSE,TRUE,TRUE,FALSE,TRUE,FALSE
faridcrypto,FALSE,low,0,0,116,167,1,150 days 01:10:19.504891,33 days 10:24:34.505436,0.95,FALSE,FALSE,TRUE,FALSE,FALSE,TRUE,TRUE,FALSE,FALSE,FALSE
jaxo4life,FALSE,so-so,1,0,0,0,1,1088 days 17:23:56.504891,44 days 13:52:19.505436,1.5,TRUE,FALSE,TRUE,TRUE,TRUE,TRUE,TRUE,FALSE,TRUE,FALSE
wdelius,FALSE,low,7,1,0,0,3,1895 days 16:10:09.504891,78 days 03:19:43.505436,0.5,FALSE,FALSE,FALSE,FALSE,FALSE,FALSE,FALSE,FALSE,FALSE,FALSE
fawaw111,TRUE,low,0,0,0,0,0,1820 days 06:28:53.504891,77 days 18:52:40.505436,0.5,FALSE,FALSE,FALSE,FALSE,FALSE,FALSE,FALSE,FALSE,FALSE,FALSE
sjdthree,FALSE,low,15,3,1,17,1,1510 days 01:45:08.504891,1 days 05:40:51.505436,1.45,TRUE,FALSE,TRUE,FALSE,FALSE,TRUE,FALSE,FALSE,FALSE,FALSE
birdynomnom,FALSE,so-so,0,0,0,0,0,146 days 10:43:17.504891,146 days 10:43:17.505436,0.9,FALSE,FALSE,TRUE,TRUE,FALSE,FALSE,FALSE,FALSE,FALSE,FALSE
lunarodrr,TRUE,low,1,0,0,0,0,141 days 10:22:43.504891,93 days 13:49:58.505436,1.05,FALSE,FALSE,FALSE,TRUE,FALSE,TRUE,TRUE,FALSE,FALSE,FALSE
fridayatn,FALSE,low,1,0,0,0,1,2796 days 20:35:49.504891,1 days 08:17:54.505436,1.05,FALSE,FALSE,FALSE,FALSE,TRUE,TRUE,TRUE,FALSE,FALSE,FALSE
rayoneya,TRUE,low,0,0,0,0,0,77 days 11:19:36.504891,63 days 09:33:43.505436,0.5,FALSE,FALSE,FALSE,FALSE,FALSE,FALSE,FALSE,FALSE,FALSE,FALSE
smytammy,TRUE,low,0,0,0,0,0,78 days 12:08:31.504891,78 days 12:08:31.505436,0.65,FALSE,FALSE,FALSE,FALSE,FALSE,TRUE,FALSE,FALSE,FALSE,FALSE
makeshiftpaul,FALSE,low,1,0,0,0,0,3161 days 00:50:24.504891,43 days 23:57:33.505436,0.5,FALSE,FALSE,FALSE,FALSE,FALSE,FALSE,FALSE,FALSE,FALSE,FALSE
lihuameng2020,TRUE,low,0,0,0,0,0,77 days 13:55:28.504891,77 days 13:55:28.505436,0.5,FALSE,FALSE,FALSE,FALSE,FALSE,FALSE,FALSE,FALSE,FALSE,FALSE
jackzhujun,TRUE,low,0,0,0,0,0,93 days 08:06:15.504891,77 days 08:46:10.505436,0.5,TRUE,FALSE,FALSE,FALSE,FALSE,FALSE,FALSE,FALSE,FALSE,FALSE
gerard-b,TRUE,low,NA,NA,NA,NA,0,NA,NA,0.5,FALSE,FALSE,FALSE,FALSE,FALSE,FALSE,FALSE,FALSE,FALSE,FALSE
neosmithx,FALSE,low,2,0,0,4,1,143 days 08:00:02.504891,23 days 16:06:07.505436,1.5,TRUE,FALSE,FALSE,TRUE,TRUE,TRUE,FALSE,FALSE,FALSE,FALSE
wengshanyeyu123,FALSE,low,3,0,0,0,0,209 days 17:46:04.504891,57 days 18:26:28.505436,0.95,FALSE,FALSE,TRUE,FALSE,FALSE,TRUE,TRUE,FALSE,FALSE,FALSE
0xhakimbo,TRUE,low,0,0,0,0,0,78 days 03:52:43.504891,42 days 06:38:14.505436,0.5,FALSE,FALSE,FALSE,FALSE,FALSE,FALSE,FALSE,FALSE,FALSE,FALSE
furbywing2,FALSE,so-so,0,0,0,0,0,148 days 10:42:45.504891,78 days 15:38:44.505436,1,FALSE,FALSE,FALSE,TRUE,TRUE,TRUE,FALSE,FALSE,FALSE,FALSE
katreinagiovana00,TRUE,so-so,0,0,0,0,0,145 days 20:01:20.504891,99 days 08:15:57.505436,0.5,FALSE,FALSE,FALSE,FALSE,FALSE,FALSE,FALSE,FALSE,FALSE,FALSE
zhang-li-na,FALSE,so-so,1,0,0,0,1,147 days 13:50:18.504891,10 days 15:17:57.505436,1.45,FALSE,FALSE,FALSE,TRUE,TRUE,TRUE,TRUE,FALSE,FALSE,FALSE
mrandreyns,TRUE,high,0,0,0,0,0,77 days 09:17:30.504891,77 days 09:17:30.505436,0.5,FALSE,FALSE,FALSE,FALSE,FALSE,FALSE,FALSE,FALSE,FALSE,FALSE
hank0123,TRUE,high,13,0,0,0,0,2913 days 14:59:39.504891,42 days 08:40:16.505436,1.5,TRUE,FALSE,TRUE,FALSE,FALSE,TRUE,TRUE,FALSE,FALSE,FALSE
haberioku,FALSE,so-so,1,0,0,0,1,248 days 09:55:19.504891,22 days 14:15:31.505436,1.4,TRUE,FALSE,FALSE,FALSE,TRUE,TRUE,FALSE,FALSE,TRUE,FALSE
jonlabrie,TRUE,so-so,3,0,0,0,0,3922 days 21:32:21.504891,2 days 04:10:25.505436,0.5,FALSE,FALSE,FALSE,FALSE,FALSE,FALSE,FALSE,FALSE,FALSE,FALSE
as23015601567ii,FALSE,so-so,10,1,0,2,1,654 days 07:20:44.504891,22 days 17:51:51.505436,1.5,TRUE,FALSE,TRUE,TRUE,TRUE,TRUE,TRUE,FALSE,TRUE,FALSE
begood2me,TRUE,so-so,0,0,0,0,0,1305 days 07:38:01.504891,231 days 09:33:15.505436,1.2,FALSE,FALSE,TRUE,TRUE,FALSE,TRUE,TRUE,FALSE,TRUE,FALSE
niculas721,TRUE,high,0,0,0,0,0,77 days 13:51:07.504891,77 days 13:51:07.505436,0.5,FALSE,FALSE,FALSE,FALSE,FALSE,FALSE,FALSE,FALSE,FALSE,FALSE
hughgitcoingrant,TRUE,high,1,0,0,0,0,78 days 02:58:05.504891,78 days 02:58:05.505436,0.75,FALSE,FALSE,FALSE,TRUE,FALSE,FALSE,FALSE,FALSE,FALSE,FALSE
njskyzz,FALSE,high,3,0,0,1,2,1496 days 16:07:11.504891,64 days 16:39:50.505436,1.45,FALSE,FALSE,TRUE,TRUE,TRUE,TRUE,TRUE,FALSE,FALSE,FALSE
huigan,TRUE,so-so,15,4,1,1,0,3093 days 20:44:48.504891,52 days 15:16:29.505436,1.15,TRUE,FALSE,FALSE,FALSE,FALSE,TRUE,FALSE,FALSE,FALSE,FALSE
istekis,TRUE,so-so,0,0,0,1,0,1362 days 03:42:04.504891,85 days 11:32:11.505436,0.95,FALSE,FALSE,TRUE,FALSE,FALSE,TRUE,FALSE,FALSE,TRUE,FALSE
mikeenz,FALSE,so-so,NA,NA,NA,NA,0,NA,NA,1.35,FALSE,FALSE,TRUE,FALSE,TRUE,TRUE,TRUE,FALSE,FALSE,FALSE
terazadl,TRUE,high,NA,NA,NA,NA,0,NA,NA,1.5,TRUE,FALSE,FALSE,TRUE,TRUE,TRUE,FALSE,FALSE,TRUE,FALSE
yjwiil,TRUE,so-so,NA,NA,NA,NA,0,NA,NA,1.5,TRUE,FALSE,FALSE,TRUE,TRUE,TRUE,FALSE,FALSE,FALSE,FALSE
zmyhub,TRUE,high,NA,NA,NA,NA,0,NA,NA,1.2,TRUE,FALSE,TRUE,TRUE,FALSE,TRUE,TRUE,FALSE,TRUE,FALSE
ce886666,TRUE,high,NA,NA,NA,NA,0,NA,NA,0.65,FALSE,FALSE,FALSE,FALSE,FALSE,TRUE,FALSE,FALSE,FALSE,FALSE
apedaddyceo,TRUE,high,NA,NA,NA,NA,0,NA,NA,0.5,FALSE,FALSE,FALSE,FALSE,FALSE,FALSE,FALSE,FALSE,FALSE,FALSE
jeffreytsaigtc,TRUE,high,NA,NA,NA,NA,0,NA,NA,0.8,FALSE,FALSE,FALSE,FALSE,FALSE,TRUE,TRUE,FALSE,TRUE,FALSE
tuananhthepussyhunter,TRUE,high,NA,NA,NA,NA,0,NA,NA,0.5,FALSE,FALSE,FALSE,FALSE,FALSE,FALSE,FALSE,FALSE,FALSE,FALSE
jrosenfeld13,FALSE,high,NA,NA,NA,NA,0,NA,NA,0.5,FALSE,FALSE,FALSE,FALSE,FALSE,FALSE,FALSE,FALSE,FALSE,FALSE
wgshi722,TRUE,high,NA,NA,NA,NA,0,NA,NA,1.5,TRUE,FALSE,FALSE,TRUE,FALSE,TRUE,TRUE,FALSE,FALSE,FALSE
shuaiguo12,TRUE,high,NA,NA,NA,NA,0,NA,NA,1.3,FALSE,FALSE,FALSE,TRUE,TRUE,TRUE,TRUE,FALSE,FALSE,FALSE
mrhoooo,TRUE,high,NA,NA,NA,NA,0,NA,NA,1.5,TRUE,FALSE,FALSE,FALSE,TRUE,TRUE,TRUE,FALSE,FALSE,FALSE
tongtongshenyi,TRUE,so-so,NA,NA,NA,NA,0,NA,NA,1.5,TRUE,FALSE,FALSE,FALSE,TRUE,TRUE,TRUE,FALSE,TRUE,FALSE
zhegaozhouji,TRUE,so-so,NA,NA,NA,NA,0,NA,NA,0.5,FALSE,FALSE,FALSE,FALSE,FALSE,FALSE,FALSE,FALSE,FALSE,FALSE
saeedkargosha,FALSE,high,NA,NA,NA,NA,0,NA,NA,0.5,TRUE,FALSE,FALSE,FALSE,FALSE,FALSE,FALSE,FALSE,FALSE,FALSE
daomaoshe,TRUE,high,NA,NA,NA,NA,0,NA,NA,1.4,TRUE,FALSE,FALSE,FALSE,TRUE,TRUE,FALSE,FALSE,FALSE,FALSE
sun261,TRUE,high,NA,NA,NA,NA,0,NA,NA,1.5,TRUE,FALSE,FALSE,TRUE,TRUE,TRUE,FALSE,FALSE,FALSE,FALSE
darecjo,TRUE,so-so,NA,NA,NA,NA,0,NA,NA,1,TRUE,FALSE,FALSE,FALSE,FALSE,FALSE,FALSE,FALSE,FALSE,FALSE
oohboa,TRUE,high,NA,NA,NA,NA,0,NA,NA,0.8,FALSE,FALSE,FALSE,FALSE,FALSE,TRUE,TRUE,FALSE,FALSE,FALSE
kdrklc,TRUE,high,NA,NA,NA,NA,0,NA,NA,0.5,FALSE,FALSE,FALSE,FALSE,FALSE,FALSE,FALSE,FALSE,FALSE,FALSE
behappy420,TRUE,high,NA,NA,NA,NA,0,NA,NA,0.5,FALSE,FALSE,FALSE,FALSE,FALSE,FALSE,FALSE,FALSE,FALSE,FALSE
bredxiao,TRUE,so-so,NA,NA,NA,NA,0,NA,NA,1.5,TRUE,FALSE,FALSE,TRUE,TRUE,TRUE,FALSE,FALSE,FALSE,FALSE
bbq84,FALSE,so-so,NA,NA,NA,NA,0,NA,NA,0.5,FALSE,FALSE,FALSE,FALSE,FALSE,FALSE,FALSE,FALSE,FALSE,FALSE
johnsblackwell,TRUE,high,NA,NA,NA,NA,0,NA,NA,1.05,FALSE,FALSE,FALSE,TRUE,FALSE,TRUE,TRUE,FALSE,FALSE,FALSE
btcsgj,FALSE,so-so,NA,NA,NA,NA,0,NA,NA,1.5,TRUE,FALSE,FALSE,TRUE,TRUE,TRUE,FALSE,FALSE,TRUE,FALSE
merwanouazene,TRUE,so-so,NA,NA,NA,NA,0,NA,NA,0.5,FALSE,FALSE,FALSE,FALSE,FALSE,FALSE,FALSE,FALSE,FALSE,FALSE
junsong525,TRUE,so-so,NA,NA,NA,NA,0,NA,NA,1.4,TRUE,FALSE,FALSE,TRUE,FALSE,TRUE,FALSE,FALSE,FALSE,FALSE
findfish1988,TRUE,high,NA,NA,NA,NA,0,NA,NA,0.5,FALSE,FALSE,FALSE,FALSE,FALSE,FALSE,FALSE,FALSE,FALSE,FALSE
haitang1987,TRUE,so-so,NA,NA,NA,NA,0,NA,NA,1.5,TRUE,FALSE,FALSE,TRUE,TRUE,TRUE,FALSE,FALSE,FALSE,FALSE
metaversityman,TRUE,high,NA,NA,NA,NA,0,NA,NA,0.75,FALSE,FALSE,FALSE,FALSE,TRUE,FALSE,FALSE,FALSE,FALSE,FALSE
alesmrazek,FALSE,so-so,NA,NA,NA,NA,0,NA,NA,0.5,FALSE,FALSE,FALSE,FALSE,FALSE,FALSE,FALSE,FALSE,FALSE,FALSE
yioreea,TRUE,so-so,NA,NA,NA,NA,0,NA,NA,1.5,TRUE,FALSE,TRUE,FALSE,TRUE,TRUE,FALSE,FALSE,FALSE,FALSE
875qq,TRUE,high,NA,NA,NA,NA,0,NA,NA,0.5,FALSE,FALSE,FALSE,FALSE,FALSE,FALSE,FALSE,FALSE,FALSE,FALSE
luiet,TRUE,high,NA,NA,NA,NA,0,NA,NA,1.4,TRUE,FALSE,FALSE,FALSE,TRUE,TRUE,FALSE,FALSE,FALSE,FALSE
ankangw,TRUE,low,NA,NA,NA,NA,0,NA,NA,0.5,FALSE,FALSE,FALSE,FALSE,FALSE,FALSE,FALSE,FALSE,TRUE,FALSE
meilizhou1999,TRUE,low,NA,NA,NA,NA,0,NA,NA,0.9,FALSE,FALSE,FALSE,FALSE,TRUE,TRUE,FALSE,FALSE,FALSE,FALSE
maxcdon,FALSE,High,NA,NA,NA,NA,0,NA,NA,0.5,FALSE,FALSE,FALSE,FALSE,FALSE,FALSE,FALSE,FALSE,FALSE,FALSE
smallnash,TRUE,so-so,NA,NA,NA,NA,0,NA,NA,0.65,FALSE,FALSE,FALSE,FALSE,FALSE,TRUE,FALSE,FALSE,FALSE,FALSE
gambol,FALSE,High,NA,NA,NA,NA,0,NA,NA,1.5,TRUE,FALSE,TRUE,TRUE,FALSE,TRUE,TRUE,FALSE,TRUE,FALSE
maximoralez-crypto,FALSE,so-so,NA,NA,NA,NA,0,NA,NA,0.5,FALSE,FALSE,FALSE,FALSE,FALSE,FALSE,FALSE,FALSE,FALSE,FALSE
bwktfc,FALSE,High,NA,NA,NA,NA,0,NA,NA,1.5,TRUE,FALSE,TRUE,TRUE,TRUE,TRUE,FALSE,FALSE,FALSE,FALSE
chye9527,TRUE,low,NA,NA,NA,NA,0,NA,NA,0.5,FALSE,FALSE,FALSE,FALSE,FALSE,FALSE,FALSE,FALSE,FALSE,FALSE
fritz886,FALSE,low,NA,NA,NA,NA,0,NA,NA,0.65,FALSE,FALSE,FALSE,FALSE,FALSE,TRUE,FALSE,FALSE,FALSE,FALSE
psymanity,TRUE,so-so,NA,NA,NA,NA,0,NA,NA,0.65,FALSE,FALSE,FALSE,FALSE,FALSE,FALSE,FALSE,FALSE,FALSE,FALSE
thiway3,FALSE,low,NA,NA,NA,NA,0,NA,NA,0.5,FALSE,FALSE,FALSE,FALSE,FALSE,FALSE,FALSE,FALSE,FALSE,FALSE
circleecho,TRUE,High,NA,NA,NA,NA,0,NA,NA,1.5,TRUE,FALSE,FALSE,TRUE,TRUE,TRUE,TRUE,FALSE,TRUE,FALSE
isiahhill,FALSE,High,0,0,7,11,4,2628 days 04:02:14.504891,4 days 17:29:36.505436,1.5,TRUE,FALSE,TRUE,TRUE,TRUE,TRUE,FALSE,FALSE,FALSE,FALSE
hussiwong,TRUE,High,1,0,0,1,0,1305 days 07:46:52.504891,77 days 12:14:17.505436,0.8,FALSE,FALSE,FALSE,FALSE,FALSE,TRUE,TRUE,FALSE,FALSE,FALSE
kmbooy,FALSE,so-so,2,0,0,0,0,1484 days 19:21:09.504891,71 days 17:12:50.505436,1.5,TRUE,FALSE,TRUE,TRUE,TRUE,TRUE,TRUE,FALSE,TRUE,FALSE
xzpierre,FALSE,High,0,0,0,0,0,356 days 07:32:41.504891,77 days 06:38:19.505436,1.5,TRUE,FALSE,FALSE,TRUE,FALSE,TRUE,TRUE,FALSE,FALSE,FALSE
blank1u,FALSE,so-so,6,3,16,19,1,1683 days 17:47:01.504891,2 days 05:34:40.505436,1.15,TRUE,FALSE,FALSE,FALSE,FALSE,TRUE,FALSE,FALSE,FALSE,FALSE
vukthewolfy,TRUE,high,0,1,0,0,0,1489 days 06:18:19.504891,888 days 03:45:02.505436,0.5,FALSE,FALSE,FALSE,FALSE,FALSE,FALSE,FALSE,FALSE,FALSE,FALSE
daxiha,TRUE,high,0,0,0,0,0,77 days 11:19:03.504891,77 days 11:19:03.505436,1.5,TRUE,FALSE,FALSE,FALSE,TRUE,TRUE,TRUE,FALSE,FALSE,FALSE
lkkkky,TRUE,high,0,0,0,0,0,81 days 05:34:56.504891,32 days 08:37:17.505436,0.9,FALSE,FALSE,FALSE,TRUE,FALSE,TRUE,FALSE,FALSE,TRUE,FALSE
kannumehta03161990,TRUE,high,0,0,0,0,0,77 days 20:41:29.504891,77 days 20:41:29.505436,0.5,FALSE,FALSE,FALSE,FALSE,FALSE,FALSE,FALSE,FALSE,FALSE,FALSE
kamillo270,TRUE,so-so,0,0,0,0,0,502 days 16:22:03.504891,77 days 04:46:17.505436,0.5,FALSE,FALSE,FALSE,FALSE,FALSE,FALSE,FALSE,FALSE,FALSE,FALSE
mdahardy,FALSE,high,3,0,0,0,7,2508 days 22:28:32.504891,41 days 14:52:32.505436,0.5,FALSE,FALSE,FALSE,FALSE,FALSE,FALSE,FALSE,FALSE,FALSE,FALSE
okhui3,FALSE,high,0,0,0,0,0,352 days 17:04:53.504891,77 days 17:29:40.505436,0.9,FALSE,FALSE,FALSE,FALSE,TRUE,TRUE,FALSE,FALSE,FALSE,FALSE
gojackzi,FALSE,high,1,0,1,1,1,516 days 08:35:39.504891,49 days 04:28:32.505436,1.45,FALSE,FALSE,TRUE,TRUE,TRUE,TRUE,FALSE,FALSE,FALSE,FALSE
a13298533983,FALSE,high,2,0,0,0,0,374 days 15:00:56.504891,22 days 19:54:25.505436,1,TRUE,FALSE,FALSE,FALSE,FALSE,FALSE,FALSE,FALSE,FALSE,FALSE
whatiseverything,FALSE,low,0,0,0,0,0,431 days 04:26:46.504891,101 days 07:13:59.505436,0.5,FALSE,FALSE,FALSE,FALSE,FALSE,FALSE,FALSE,FALSE,FALSE,FALSE
everythingblockchain,TRUE,so-so,1,0,0,0,2,138 days 03:44:39.504891,15 days 05:37:54.505436,1.5,TRUE,FALSE,TRUE,TRUE,FALSE,TRUE,FALSE,FALSE,FALSE,FALSE
digidr,FALSE,high,17,0,1,0,1,3389 days 21:45:26.504891,14 days 07:41:58.505436,1.4,FALSE,FALSE,FALSE,FALSE,TRUE,FALSE,FALSE,TRUE,FALSE,FALSE
tuzimoe,FALSE,high,NA,NA,NA,NA,0,NA,NA,1.5,TRUE,FALSE,TRUE,FALSE,TRUE,TRUE,TRUE,FALSE,TRUE,FALSE
skmickop,TRUE,high,0,0,0,0,0,78 days 09:03:27.504891,78 days 09:03:27.505436,0.65,FALSE,FALSE,FALSE,FALSE,FALSE,TRUE,FALSE,FALSE,TRUE,FALSE
donatooor,TRUE,high,0,0,0,0,0,77 days 06:30:59.504891,77 days 06:30:59.505436,0.5,FALSE,FALSE,FALSE,FALSE,FALSE,FALSE,FALSE,FALSE,FALSE,FALSE
isleep1,TRUE,high,1,0,0,0,0,87 days 16:55:41.504891,87 days 16:10:13.505436,1.5,TRUE,FALSE,FALSE,TRUE,FALSE,TRUE,TRUE,FALSE,FALSE,FALSE
pengxixixi,TRUE,high,1,0,0,1,0,267 days 22:10:41.504891,38 days 08:07:42.505436,1.4,TRUE,FALSE,FALSE,FALSE,TRUE,TRUE,FALSE,FALSE,FALSE,FALSE
ferendo,TRUE,high,NA,NA,NA,NA,0,NA,NA,0.5,FALSE,FALSE,FALSE,FALSE,FALSE,FALSE,FALSE,FALSE,FALSE,FALSE
jiucai1012,TRUE,so-so,0,0,0,0,0,128 days 11:04:12.504891,2 days 06:12:02.505436,1.5,TRUE,FALSE,FALSE,FALSE,TRUE,TRUE,TRUE,FALSE,TRUE,FALSE
zhuxiao90,FALSE,high,10,0,1,0,0,1383 days 21:25:54.504891,77 days 07:45:15.505436,1.5,TRUE,FALSE,TRUE,FALSE,TRUE,FALSE,TRUE,FALSE,TRUE,FALSE
crptocurrencyfinancial,FALSE,high,0,0,0,0,0,1665 days 12:19:09.504891,154 days 09:31:59.505436,0.65,FALSE,FALSE,FALSE,FALSE,FALSE,FALSE,FALSE,FALSE,FALSE,FALSE
jiexit,FALSE,high,10,0,0,0,2,958 days 06:15:17.504891,44 days 19:00:16.505436,1.5,TRUE,FALSE,TRUE,FALSE,TRUE,TRUE,FALSE,FALSE,FALSE,FALSE
acehu1974,FALSE,low,0,0,0,0,2,91 days 15:33:11.504891,42 days 12:43:47.505436,1.5,TRUE,FALSE,FALSE,TRUE,TRUE,TRUE,FALSE,FALSE,FALSE,FALSE
fionabot,FALSE,high,1,0,0,0,2,1389 days 12:03:55.504891,79 days 06:50:31.505436,1.5,TRUE,FALSE,FALSE,FALSE,TRUE,TRUE,TRUE,FALSE,TRUE,FALSE
fr334evr,FALSE,so-so,0,0,0,0,0,100 days 08:53:27.504891,77 days 20:01:27.505436,1.45,TRUE,FALSE,FALSE,FALSE,FALSE,TRUE,TRUE,FALSE,FALSE,FALSE
0xfeixue,FALSE,low,0,0,0,0,0,86 days 08:09:13.504891,86 days 08:09:13.505436,1.5,TRUE,FALSE,FALSE,TRUE,TRUE,FALSE,TRUE,FALSE,FALSE,FALSE
rishaadsa,TRUE,high,1,0,0,0,0,1368 days 09:03:52.504891,78 days 09:07:53.505436,0.5,FALSE,FALSE,FALSE,FALSE,FALSE,FALSE,FALSE,FALSE,TRUE,FALSE
d22818977,TRUE,so-so,1,0,0,0,0,1014 days 08:38:47.504891,60 days 07:32:17.505436,0.5,FALSE,FALSE,FALSE,FALSE,FALSE,FALSE,FALSE,FALSE,FALSE,FALSE
chenyj0527,FALSE,low,12,0,106,99,1,359 days 21:17:16.504891,22 days 19:16:25.505436,1.25,TRUE,FALSE,FALSE,TRUE,FALSE,FALSE,FALSE,FALSE,FALSE,FALSE
hhhhhhh730,FALSE,high,0,0,0,0,0,256 days 18:50:24.504891,79 days 07:44:48.505436,1.4,TRUE,FALSE,FALSE,TRUE,FALSE,TRUE,FALSE,FALSE,TRUE,FALSE
tigzor365,FALSE,so-so,0,0,0,0,0,84 days 10:29:42.504891,77 days 23:59:06.505436,0.5,FALSE,FALSE,FALSE,FALSE,FALSE,FALSE,FALSE,FALSE,FALSE,FALSE
boredsed5,FALSE,low,0,0,0,0,0,78 days 22:09:37.504891,78 days 22:09:37.505436,0.5,FALSE,FALSE,FALSE,FALSE,FALSE,FALSE,FALSE,FALSE,FALSE,FALSE
tomitorres93,FALSE,high,12,0,0,1,0,428 days 23:10:07.504891,3 days 20:48:15.505436,0.5,FALSE,FALSE,FALSE,FALSE,FALSE,FALSE,FALSE,FALSE,FALSE,FALSE
kuvalisconrad,FALSE,so-so,4,0,1,0,1,2004 days 07:59:57.504891,97 days 19:43:22.505436,1.5,TRUE,FALSE,FALSE,TRUE,TRUE,FALSE,FALSE,FALSE,FALSE,FALSE
eliwolfgang,TRUE,high,0,0,0,0,0,78 days 04:07:37.504891,78 days 04:07:37.505436,0.5,FALSE,FALSE,FALSE,FALSE,FALSE,FALSE,FALSE,FALSE,FALSE,FALSE
mrbananawang,FALSE,high,4,0,0,0,0,1254 days 14:43:19.504891,70 days 10:19:10.505436,1.5,TRUE,FALSE,TRUE,TRUE,TRUE,TRUE,TRUE,FALSE,TRUE,FALSE
mrpanjin,FALSE,low,1,0,0,0,2,80 days 09:57:51.504891,52 days 17:02:39.505436,1.05,FALSE,FALSE,FALSE,FALSE,TRUE,TRUE,TRUE,FALSE,FALSE,FALSE
zfq0714,TRUE,high,16,0,0,1,3,2970 days 15:12:49.504891,192 days 13:52:03.505436,0.5,FALSE,FALSE,FALSE,FALSE,FALSE,FALSE,FALSE,FALSE,FALSE,FALSE
fanffu,FALSE,high,0,0,0,0,0,99 days 08:12:08.504891,77 days 08:55:54.505436,0.5,FALSE,FALSE,FALSE,FALSE,FALSE,FALSE,FALSE,FALSE,FALSE,FALSE
nuoyaneasy,FALSE,low,29,0,7,39,4,3275 days 20:51:17.504891,3 days 17:36:53.505436,1.5,TRUE,FALSE,FALSE,TRUE,TRUE,TRUE,FALSE,FALSE,TRUE,FALSE
nicochristener,FALSE,high,6,0,1,3,0,2543 days 10:07:00.504891,6 days 08:58:35.505436,0.5,FALSE,FALSE,FALSE,FALSE,FALSE,FALSE,FALSE,FALSE,FALSE,FALSE
aderolium,FALSE,low,0,1,43,24,1,917 days 09:50:08.504891,231 days 01:55:04.505436,1.5,TRUE,FALSE,TRUE,TRUE,TRUE,TRUE,TRUE,FALSE,FALSE,FALSE
mohsenataeinejad,TRUE,high,0,0,3,1,3,376 days 11:36:41.504891,2 days 06:42:41.505436,0.65,FALSE,FALSE,FALSE,FALSE,FALSE,TRUE,FALSE,FALSE,FALSE,FALSE
borand88,TRUE,so-so,0,1,0,1,0,1387 days 19:15:15.504891,3 days 02:41:29.505436,1.2,FALSE,FALSE,TRUE,TRUE,FALSE,TRUE,TRUE,FALSE,TRUE,FALSE
qijinzing,FALSE,low,14,0,0,2,0,827 days 10:22:52.504891,38 days 18:55:56.505436,1.45,FALSE,FALSE,TRUE,TRUE,TRUE,TRUE,TRUE,FALSE,TRUE,FALSE
johnshen518,FALSE,high,0,0,0,0,0,3106 days 06:33:49.504891,77 days 13:50:26.505436,1.5,TRUE,FALSE,TRUE,FALSE,TRUE,TRUE,TRUE,FALSE,FALSE,FALSE
nunubluesky,TRUE,high,0,0,0,0,0,319 days 13:39:57.504891,12 days 11:54:09.505436,1.5,TRUE,FALSE,FALSE,TRUE,FALSE,TRUE,TRUE,FALSE,FALSE,FALSE
chrishollingworth,FALSE,high,1,0,0,0,0,1275 days 06:30:57.504891,786 days 00:40:22.505436,0.5,FALSE,FALSE,FALSE,FALSE,FALSE,FALSE,FALSE,FALSE,FALSE,FALSE
tontoton91,TRUE,low,0,0,0,0,0,328 days 19:22:07.504891,77 days 20:44:47.505436,1,FALSE,FALSE,FALSE,TRUE,TRUE,FALSE,FALSE,FALSE,FALSE,FALSE
tedscript,TRUE,high,3,0,0,0,0,890 days 12:31:42.504891,63 days 09:55:19.505436,0.8,FALSE,FALSE,FALSE,FALSE,FALSE,FALSE,TRUE,FALSE,FALSE,FALSE
erik241287,TRUE,high,1,0,0,0,1,842 days 15:56:48.504891,43 days 13:39:28.505436,0.5,FALSE,FALSE,FALSE,FALSE,FALSE,FALSE,FALSE,FALSE,FALSE,FALSE
scottfits,FALSE,high,19,17,28,23,4,3748 days 08:48:17.504891,17 days 06:16:03.505436,0.5,FALSE,FALSE,FALSE,FALSE,FALSE,FALSE,FALSE,FALSE,FALSE,FALSE
yuankongzhe,FALSE,so-so,0,0,0,0,2,103 days 14:08:41.504891,5 days 19:03:37.505436,1.2,FALSE,FALSE,TRUE,TRUE,FALSE,TRUE,TRUE,FALSE,TRUE,FALSE
suoyawangluo,TRUE,low,10,1,1,2,2,937 days 07:55:14.504891,1 days 08:36:42.505436,1.5,TRUE,FALSE,FALSE,TRUE,TRUE,TRUE,FALSE,FALSE,FALSE,FALSE
wudirruby,TRUE,high,3,0,2,0,1,1375 days 16:16:06.504891,6 days 10:15:03.505436,0.9,FALSE,FALSE,TRUE,TRUE,FALSE,FALSE,FALSE,FALSE,FALSE,FALSE
sentientz,FALSE,so-so,0,0,0,0,0,1944 days 03:31:33.504891,637 days 17:04:56.505436,0.5,FALSE,FALSE,FALSE,FALSE,FALSE,FALSE,FALSE,FALSE,FALSE,FALSE
paulnadler,TRUE,low,3,0,0,0,0,2619 days 17:22:53.504891,42 days 04:41:34.505436,1.05,FALSE,FALSE,FALSE,FALSE,TRUE,TRUE,FALSE,FALSE,FALSE,FALSE
s7ev3n,FALSE,high,14,11,49,48,4,3256 days 16:57:44.504891,1 days 14:36:19.505436,0.9,FALSE,FALSE,FALSE,FALSE,TRUE,TRUE,FALSE,FALSE,FALSE,FALSE
casezz,FALSE,low,1,0,0,0,0,77 days 19:00:57.504891,77 days 18:59:21.505436,0.5,FALSE,FALSE,FALSE,FALSE,FALSE,FALSE,FALSE,FALSE,FALSE,FALSE
fuzaifei,TRUE,so-so,4,0,0,3,0,1070 days 21:57:55.504891,99 days 12:43:10.505436,1.15,TRUE,FALSE,FALSE,FALSE,FALSE,TRUE,FALSE,FALSE,FALSE,FALSE
epick362,TRUE,low,39,0,6,2,2,3821 days 12:16:57.504891,104 days 09:24:14.505436,1,FALSE,FALSE,FALSE,TRUE,TRUE,FALSE,FALSE,FALSE,FALSE,FALSE
jmcn1989,TRUE,so-so,1,1,0,0,0,1586 days 07:36:34.504891,59 days 13:30:51.505436,1.15,FALSE,FALSE,FALSE,TRUE,TRUE,TRUE,FALSE,FALSE,TRUE,FALSE
porridgecannon,TRUE,low,0,0,0,0,0,78 days 04:24:04.504891,29 days 02:11:57.505436,1.05,FALSE,FALSE,FALSE,TRUE,TRUE,TRUE,TRUE,FALSE,FALSE,FALSE
dafengchao,FALSE,so-so,6,1,0,1,2,1377 days 16:21:04.504891,38 days 18:07:04.505436,1.5,TRUE,FALSE,FALSE,TRUE,TRUE,TRUE,TRUE,FALSE,TRUE,FALSE
qybffs,TRUE,high,0,0,0,0,0,81 days 14:32:43.504891,81 days 14:32:43.505436,1.15,TRUE,FALSE,FALSE,FALSE,FALSE,TRUE,FALSE,FALSE,TRUE,FALSE
zkfib,TRUE,high,9,0,0,0,0,100 days 10:35:50.504891,56 days 05:38:51.505436,0.5,FALSE,FALSE,FALSE,FALSE,FALSE,FALSE,FALSE,FALSE,FALSE,FALSE
secretpath51,TRUE,high,0,0,0,0,0,78 days 09:40:21.504891,78 days 09:40:21.505436,0.5,FALSE,FALSE,FALSE,FALSE,FALSE,FALSE,FALSE,FALSE,FALSE,FALSE
mikoronjoo,FALSE,so-so,43,0,66,66,2,1364 days 10:20:32.504891,17 days 05:40:33.505436,1.5,TRUE,FALSE,TRUE,FALSE,FALSE,TRUE,TRUE,FALSE,FALSE,FALSE
alexiskefalas,TRUE,high,0,0,2,0,0,827 days 12:40:08.504891,161 days 22:42:15.505436,1.3,FALSE,FALSE,FALSE,TRUE,TRUE,TRUE,FALSE,FALSE,FALSE,FALSE
du-o,TRUE,low,1,0,0,0,0,130 days 04:54:26.504891,4 days 07:19:28.505436,1.5,TRUE,FALSE,FALSE,TRUE,TRUE,FALSE,FALSE,FALSE,FALSE,FALSE
deskarato,FALSE,low,1,0,0,1,0,774 days 03:06:17.504891,150 days 23:50:06.505436,0.5,FALSE,FALSE,FALSE,FALSE,FALSE,FALSE,FALSE,FALSE,FALSE,FALSE
mzapple,TRUE,low,0,0,0,0,0,84 days 13:13:05.504891,61 days 12:45:10.505436,1.5,TRUE,FALSE,TRUE,FALSE,TRUE,FALSE,TRUE,FALSE,TRUE,FALSE
kynepen,TRUE,low,3,0,0,0,1,891 days 11:20:43.504891,29 days 15:04:32.505436,1.5,TRUE,FALSE,TRUE,TRUE,TRUE,TRUE,FALSE,FALSE,FALSE,FALSE
msagansk,TRUE,low,NA,NA,NA,NA,0,NA,NA,1.45,FALSE,FALSE,FALSE,TRUE,TRUE,TRUE,TRUE,FALSE,FALSE,FALSE
starwound,TRUE,low,NA,NA,NA,NA,0,NA,NA,1.45,TRUE,FALSE,TRUE,FALSE,FALSE,TRUE,TRUE,FALSE,FALSE,FALSE
furbywing1981,FALSE,so-so,NA,NA,NA,NA,0,NA,NA,0.5,FALSE,FALSE,FALSE,FALSE,TRUE,TRUE,FALSE,FALSE,FALSE,FALSE
outside1today,FALSE,so-so,NA,NA,NA,NA,0,NA,NA,0.5,FALSE,FALSE,FALSE,FALSE,FALSE,FALSE,FALSE,FALSE,FALSE,FALSE
blockchain-x,FALSE,so-so,NA,NA,NA,NA,0,NA,NA,1.25,TRUE,FALSE,FALSE,FALSE,TRUE,FALSE,FALSE,FALSE,FALSE,FALSE
widmit,TRUE,low,NA,NA,NA,NA,0,NA,NA,0.5,FALSE,FALSE,FALSE,FALSE,FALSE,FALSE,FALSE,FALSE,FALSE,FALSE
txtdarisaham,TRUE,so-so,NA,NA,NA,NA,0,NA,NA,1.2,FALSE,FALSE,FALSE,TRUE,FALSE,TRUE,TRUE,FALSE,FALSE,FALSE
poltorrent,FALSE,high,NA,NA,NA,NA,0,NA,NA,1.45,FALSE,FALSE,TRUE,FALSE,FALSE,TRUE,FALSE,TRUE,FALSE,FALSE
ljqzzz123,FALSE,high,NA,NA,NA,NA,0,NA,NA,1.5,TRUE,FALSE,FALSE,TRUE,TRUE,TRUE,FALSE,FALSE,FALSE,FALSE
brucecui0120,TRUE,low,NA,NA,NA,NA,0,NA,NA,1.15,TRUE,FALSE,FALSE,FALSE,FALSE,TRUE,FALSE,FALSE,TRUE,FALSE
liuzan312,FALSE,so-so,NA,NA,NA,NA,0,NA,NA,1.5,TRUE,FALSE,FALSE,TRUE,TRUE,TRUE,TRUE,FALSE,FALSE,FALSE
kongkongstalk,TRUE,high,NA,NA,NA,NA,0,NA,NA,1.5,TRUE,FALSE,TRUE,TRUE,TRUE,TRUE,FALSE,FALSE,FALSE,FALSE
vicshineking,FALSE,high,NA,NA,NA,NA,0,NA,NA,1.15,FALSE,FALSE,FALSE,TRUE,TRUE,TRUE,FALSE,FALSE,FALSE,FALSE
xiaoloudgb,FALSE,high,NA,NA,NA,NA,0,NA,NA,1.5,TRUE,FALSE,TRUE,TRUE,TRUE,TRUE,FALSE,FALSE,FALSE,FALSE
emin8rs,FALSE,so-so,NA,NA,NA,NA,0,NA,NA,0.5,FALSE,FALSE,FALSE,FALSE,FALSE,FALSE,FALSE,FALSE,FALSE,FALSE
onwew,FALSE,high,NA,NA,NA,NA,0,NA,NA,1.15,FALSE,FALSE,FALSE,TRUE,TRUE,TRUE,FALSE,FALSE,FALSE,FALSE
svskrpz,TRUE,high,NA,NA,NA,NA,0,NA,NA,0.8,FALSE,FALSE,FALSE,FALSE,FALSE,TRUE,FALSE,FALSE,FALSE,FALSE
zhuxingw,TRUE,so-so,NA,NA,NA,NA,0,NA,NA,0.65,FALSE,FALSE,FALSE,FALSE,FALSE,TRUE,FALSE,FALSE,FALSE,FALSE
supandyhhh,FALSE,high,NA,NA,NA,NA,0,NA,NA,1.15,FALSE,FALSE,FALSE,TRUE,TRUE,TRUE,FALSE,FALSE,TRUE,FALSE
spreek,FALSE,high,NA,NA,NA,NA,0,NA,NA,0.95,FALSE,FALSE,TRUE,FALSE,FALSE,TRUE,FALSE,FALSE,FALSE,FALSE
bitfish0x,FALSE,so-so,NA,NA,NA,NA,0,NA,NA,1.4,TRUE,FALSE,FALSE,FALSE,TRUE,TRUE,FALSE,FALSE,FALSE,FALSE
xiaonianzi11,FALSE,high,NA,NA,NA,NA,0,NA,NA,1.5,TRUE,FALSE,FALSE,TRUE,TRUE,TRUE,TRUE,FALSE,TRUE,FALSE
alenxuu,FALSE,low,NA,NA,NA,NA,0,NA,NA,0.65,FALSE,FALSE,FALSE,FALSE,FALSE,TRUE,FALSE,FALSE,FALSE,FALSE
zengjiajun0623,FALSE,high,NA,NA,NA,NA,0,NA,NA,1.45,FALSE,FALSE,TRUE,TRUE,TRUE,TRUE,TRUE,FALSE,TRUE,FALSE
karam2022,FALSE,so-so,NA,NA,NA,NA,0,NA,NA,1.5,FALSE,FALSE,TRUE,TRUE,TRUE,TRUE,TRUE,FALSE,FALSE,FALSE
nuts-rice,FALSE,high,NA,NA,NA,NA,0,NA,NA,1,FALSE,FALSE,FALSE,TRUE,TRUE,FALSE,FALSE,FALSE,FALSE,FALSE
soullie,FALSE,low,NA,NA,NA,NA,0,NA,NA,0.8,FALSE,FALSE,TRUE,FALSE,FALSE,TRUE,FALSE,FALSE,FALSE,FALSE
luxaedel,FALSE,high,NA,NA,NA,NA,0,NA,NA,0.5,FALSE,FALSE,FALSE,FALSE,FALSE,FALSE,FALSE,FALSE,FALSE,FALSE
amohimi,TRUE,high,NA,NA,NA,NA,0,NA,NA,NA,NA,NA,NA,NA,NA,NA,NA,NA,NA,NA
thecryptobeasty,TRUE,low,NA,NA,NA,NA,0,NA,NA,0.5,FALSE,FALSE,FALSE,FALSE,FALSE,FALSE,FALSE,FALSE,FALSE,FALSE
wuyangxincheng,FALSE,high,NA,NA,NA,NA,0,NA,NA,1.15,TRUE,FALSE,FALSE,FALSE,FALSE,TRUE,FALSE,FALSE,TRUE,FALSE
igorger55,FALSE,high,NA,NA,NA,NA,0,NA,NA,1.5,TRUE,FALSE,TRUE,TRUE,FALSE,TRUE,FALSE,FALSE,FALSE,FALSE
craiglmccarthy,FALSE,high,NA,NA,NA,NA,0,NA,NA,0.5,FALSE,FALSE,FALSE,FALSE,FALSE,FALSE,FALSE,FALSE,FALSE,FALSE
tetrisdancho,FALSE,high,NA,NA,NA,NA,0,NA,NA,1,FALSE,FALSE,FALSE,TRUE,TRUE,FALSE,FALSE,FALSE,FALSE,FALSE
coinbina,FALSE,high,NA,NA,NA,NA,0,NA,NA,1.5,TRUE,FALSE,FALSE,TRUE,FALSE,TRUE,TRUE,FALSE,TRUE,FALSE
csdome,FALSE,high,NA,NA,NA,NA,0,NA,NA,0.65,FALSE,FALSE,FALSE,FALSE,FALSE,TRUE,FALSE,FALSE,FALSE,FALSE
robocatcom,TRUE,so-so,NA,NA,NA,NA,0,NA,NA,1.5,TRUE,FALSE,FALSE,TRUE,TRUE,TRUE,FALSE,FALSE,TRUE,FALSE
cryptodmeme,FALSE,high,NA,NA,NA,NA,0,NA,NA,0.5,FALSE,FALSE,FALSE,FALSE,FALSE,FALSE,FALSE,FALSE,TRUE,FALSE
mrbluesg,FALSE,high,NA,NA,NA,NA,0,NA,NA,0.75,FALSE,FALSE,TRUE,TRUE,FALSE,TRUE,FALSE,FALSE,FALSE,FALSE
zjcocolar,FALSE,high,NA,NA,NA,NA,0,NA,NA,1.3,TRUE,FALSE,FALSE,FALSE,FALSE,TRUE,TRUE,FALSE,TRUE,FALSE
zhiyuan2007,FALSE,high,NA,NA,NA,NA,0,NA,NA,1.5,TRUE,FALSE,TRUE,TRUE,TRUE,TRUE,TRUE,FALSE,TRUE,FALSE
jjcattt,TRUE,so-so,NA,NA,NA,NA,0,NA,NA,1.1,FALSE,FALSE,TRUE,FALSE,FALSE,TRUE,TRUE,FALSE,FALSE,FALSE
elambdacalculo,FALSE,low,NA,NA,NA,NA,0,NA,NA,0.5,FALSE,FALSE,FALSE,FALSE,FALSE,FALSE,FALSE,FALSE,FALSE,FALSE
lofther,FALSE,low,NA,NA,NA,NA,0,NA,NA,1.1,FALSE,FALSE,TRUE,FALSE,FALSE,TRUE,TRUE,FALSE,FALSE,FALSE
mehtakan,TRUE,low,NA,NA,NA,NA,0,NA,NA,0.5,FALSE,FALSE,FALSE,FALSE,FALSE,FALSE,FALSE,FALSE,FALSE,FALSE
mathje,FALSE,high,NA,NA,NA,NA,0,NA,NA,0.5,FALSE,FALSE,FALSE,FALSE,FALSE,FALSE,FALSE,FALSE,FALSE,FALSE
jialiang11,FALSE,high,NA,NA,NA,NA,0,NA,NA,1.5,TRUE,FALSE,TRUE,FALSE,TRUE,TRUE,TRUE,FALSE,FALSE,FALSE
mrmot88,FALSE,high,NA,NA,NA,NA,0,NA,NA,1.05,FALSE,FALSE,FALSE,TRUE,FALSE,TRUE,TRUE,FALSE,FALSE,FALSE
gkarupa,FALSE,high,NA,NA,NA,NA,0,NA,NA,0.5,FALSE,FALSE,FALSE,FALSE,FALSE,FALSE,FALSE,FALSE,FALSE,FALSE
xnh323,FALSE,high,3,0,0,0,0,367 days 18:09:44.504891,101 days 15:25:22.505436,1.5,TRUE,FALSE,FALSE,TRUE,TRUE,TRUE,FALSE,FALSE,FALSE,FALSE
gianamarze,FALSE,low,1,0,0,0,0,141 days 10:03:38.504891,63 days 07:17:36.505436,1.05,FALSE,FALSE,FALSE,TRUE,FALSE,TRUE,TRUE,FALSE,FALSE,FALSE
emomert,FALSE,high,6,0,0,0,0,575 days 09:01:10.504891,3 days 03:43:49.505436,0.75,FALSE,FALSE,FALSE,TRUE,FALSE,FALSE,FALSE,FALSE,FALSE,FALSE
mitmito,TRUE,high,0,0,0,0,0,505 days 08:36:39.504891,253 days 11:39:31.505436,0.5,FALSE,FALSE,FALSE,FALSE,FALSE,FALSE,FALSE,FALSE,FALSE,FALSE
cenguoshen,TRUE,low,1,0,0,0,0,1549 days 04:34:59.504891,46 days 09:43:44.505436,0.5,FALSE,FALSE,FALSE,FALSE,FALSE,FALSE,FALSE,FALSE,FALSE,FALSE
kriptoponzi,TRUE,low,0,0,0,0,0,368 days 01:30:10.504891,78 days 01:12:21.505436,0.5,FALSE,FALSE,FALSE,FALSE,FALSE,FALSE,FALSE,FALSE,FALSE,FALSE
balebababa,FALSE,low,1,0,0,0,2,1027 days 09:30:57.504891,44 days 09:39:08.505436,1.5,TRUE,FALSE,FALSE,TRUE,TRUE,TRUE,TRUE,FALSE,FALSE,FALSE
zet77777,FALSE,low,0,0,0,0,0,80 days 07:34:56.504891,62 days 08:25:11.505436,0.8,FALSE,FALSE,FALSE,FALSE,FALSE,TRUE,TRUE,FALSE,FALSE,FALSE
howjonglai,TRUE,low,0,0,0,0,0,527 days 14:27:56.504891,24 days 11:57:00.505436,0.5,FALSE,FALSE,FALSE,FALSE,FALSE,FALSE,FALSE,FALSE,FALSE,FALSE
lincentdeng,TRUE,low,2,0,0,0,0,151 days 15:39:50.504891,9 days 16:26:16.505436,0.5,FALSE,FALSE,FALSE,FALSE,FALSE,FALSE,FALSE,FALSE,FALSE,FALSE
liguanhui5836,FALSE,so-so,0,0,0,0,0,305 days 15:14:54.504891,63 days 07:45:33.505436,1.5,TRUE,FALSE,FALSE,TRUE,TRUE,TRUE,FALSE,FALSE,FALSE,FALSE
kumsluna,FALSE,so-so,1,0,0,0,3,90 days 19:10:08.504891,42 days 12:00:52.505436,1.5,TRUE,FALSE,FALSE,TRUE,TRUE,TRUE,FALSE,FALSE,FALSE,FALSE
one-three-three-seven,FALSE,low,0,0,2,0,1,1487 days 06:01:04.504891,18 days 02:05:06.505436,0.8,FALSE,FALSE,FALSE,FALSE,FALSE,TRUE,FALSE,FALSE,FALSE,FALSE
angelmasatas,TRUE,so-so,1,0,0,0,0,141 days 10:40:52.504891,94 days 06:24:38.505436,1.05,FALSE,FALSE,FALSE,TRUE,FALSE,TRUE,TRUE,FALSE,FALSE,FALSE
solariyoung,FALSE,high,12,0,2,2,0,3530 days 17:42:05.504891,8 days 07:12:44.505436,1.45,FALSE,FALSE,FALSE,TRUE,TRUE,TRUE,TRUE,FALSE,TRUE,FALSE
mask1985,TRUE,low,1,0,0,0,0,156 days 18:48:08.504891,44 days 17:06:47.505436,0.5,FALSE,FALSE,FALSE,FALSE,FALSE,FALSE,FALSE,FALSE,FALSE,FALSE
trichomer,FALSE,so-so,1,0,1,2,0,1722 days 23:10:41.504891,50 days 23:17:17.505436,0.75,FALSE,FALSE,FALSE,FALSE,TRUE,FALSE,FALSE,FALSE,FALSE,FALSE
takjohn,FALSE,high,10,1,17,67,4,1961 days 05:29:16.504891,1 days 05:03:03.505436,1.45,FALSE,FALSE,TRUE,TRUE,TRUE,TRUE,TRUE,FALSE,FALSE,FALSE
ones-wzk,TRUE,low,1,0,0,0,1,161 days 11:06:15.504891,44 days 19:36:58.505436,1.15,FALSE,FALSE,FALSE,TRUE,TRUE,TRUE,FALSE,FALSE,TRUE,FALSE
rainbowwalldev,FALSE,so-so,1,0,0,0,0,140 days 18:55:32.504891,36 days 14:41:24.505436,0.9,FALSE,FALSE,FALSE,FALSE,TRUE,TRUE,FALSE,FALSE,FALSE,FALSE
keys17x,FALSE,low,1,0,0,0,0,490 days 08:28:04.504891,34 days 12:37:16.505436,1.5,TRUE,FALSE,FALSE,TRUE,FALSE,TRUE,TRUE,FALSE,TRUE,FALSE
twodragonbear,FALSE,low,9,0,7,12,5,1080 days 21:24:31.504891,3 days 15:31:10.505436,0.8,FALSE,FALSE,FALSE,FALSE,FALSE,TRUE,TRUE,FALSE,FALSE,FALSE
schmackofant,FALSE,low,2,2,3,1,3,238 days 10:32:47.504891,5 days 03:19:22.505436,1.3,FALSE,FALSE,FALSE,TRUE,TRUE,TRUE,FALSE,FALSE,FALSE,FALSE
user99387701,TRUE,low,0,0,0,0,0,160 days 09:24:53.504891,152 days 13:14:39.505436,0.8,FALSE,FALSE,FALSE,FALSE,FALSE,TRUE,FALSE,FALSE,FALSE,FALSE
lincolnerickson,TRUE,low,1,1,0,0,0,2598 days 06:45:00.504891,77 days 23:43:59.505436,0.5,FALSE,FALSE,FALSE,FALSE,FALSE,FALSE,FALSE,FALSE,FALSE,FALSE
ozluhasim,TRUE,so-so,0,0,0,0,0,178 days 12:43:55.504891,40 days 08:40:23.505436,1.45,FALSE,FALSE,FALSE,TRUE,TRUE,TRUE,TRUE,FALSE,TRUE,FALSE
nowaihst,TRUE,so-so,1,0,0,0,0,87 days 14:38:40.504891,58 days 06:01:25.505436,0.8,FALSE,FALSE,FALSE,FALSE,FALSE,TRUE,FALSE,FALSE,TRUE,FALSE
whosecool,FALSE,so-so,2,3,0,0,0,429 days 13:09:43.504891,78 days 19:58:34.505436,1.3,FALSE,FALSE,FALSE,TRUE,TRUE,TRUE,TRUE,FALSE,FALSE,FALSE
klorzi,FALSE,so-so,0,0,0,0,0,343 days 14:05:26.504891,77 days 13:32:47.505436,1.45,FALSE,FALSE,FALSE,TRUE,TRUE,TRUE,TRUE,FALSE,TRUE,FALSE
teibaman,FALSE,low,0,0,0,0,1,307 days 16:16:06.504891,50 days 10:45:02.505436,1.5,TRUE,FALSE,TRUE,FALSE,TRUE,TRUE,FALSE,FALSE,FALSE,FALSE
hresto3,FALSE,low,0,0,0,0,0,78 days 22:08:34.504891,78 days 22:08:34.505436,0.5,FALSE,FALSE,FALSE,FALSE,FALSE,FALSE,FALSE,FALSE,FALSE,FALSE
huangboshuo1994,FALSE,low,NA,NA,NA,NA,0,NA,NA,1.3,TRUE,FALSE,FALSE,FALSE,FALSE,TRUE,TRUE,FALSE,TRUE,FALSE
aircraft25,FALSE,high,2,0,0,0,6,255 days 04:34:14.504891,70 days 06:10:48.505436,0.95,FALSE,FALSE,FALSE,FALSE,FALSE,TRUE,TRUE,FALSE,TRUE,FALSE
arican35,TRUE,low,0,0,0,0,0,120 days 11:39:29.504891,120 days 11:39:29.505436,0.5,FALSE,FALSE,FALSE,FALSE,FALSE,FALSE,FALSE,FALSE,FALSE,FALSE
cqjtu-andy,FALSE,high,27,0,1,0,3,1330 days 18:20:06.504891,28 days 10:05:30.505436,1.05,FALSE,FALSE,FALSE,TRUE,FALSE,TRUE,FALSE,FALSE,FALSE,FALSE
anitatianfu,FALSE,low,0,0,0,0,0,157 days 17:52:32.504891,21 days 09:32:13.505436,1.2,FALSE,FALSE,FALSE,FALSE,TRUE,TRUE,TRUE,FALSE,FALSE,FALSE
futingfei,FALSE,so-so,NA,NA,NA,NA,0,NA,NA,0.5,FALSE,FALSE,FALSE,FALSE,FALSE,FALSE,FALSE,FALSE,FALSE,FALSE
7826t,TRUE,so-so,0,0,0,0,0,78 days 04:51:59.504891,78 days 04:51:59.505436,0.5,FALSE,FALSE,FALSE,FALSE,FALSE,FALSE,FALSE,FALSE,FALSE,FALSE
d11344,TRUE,high,1,0,0,0,0,125 days 16:30:49.504891,125 days 16:24:44.505436,1.2,FALSE,FALSE,TRUE,FALSE,TRUE,TRUE,TRUE,FALSE,FALSE,FALSE
niceboysmh,FALSE,so-so,0,0,0,0,0,533 days 18:11:11.504891,58 days 16:27:20.505436,0.95,FALSE,FALSE,TRUE,FALSE,FALSE,TRUE,TRUE,FALSE,FALSE,FALSE
ayscoopy,FALSE,high,16,2,20,17,1,1462 days 07:49:10.504891,43 days 18:11:37.505436,1.5,TRUE,FALSE,TRUE,FALSE,FALSE,TRUE,TRUE,FALSE,TRUE,FALSE
recluseheart,TRUE,so-so,1,0,0,0,0,1752 days 22:38:14.504891,77 days 11:16:39.505436,1.2,FALSE,FALSE,FALSE,FALSE,TRUE,TRUE,TRUE,FALSE,FALSE,FALSE
awaer88,FALSE,high,2,0,1,0,0,1717 days 19:28:37.504891,46 days 09:19:10.505436,1,TRUE,FALSE,FALSE,TRUE,TRUE,FALSE,FALSE,FALSE,FALSE,FALSE
eolszewski,FALSE,high,91,3,62,5,5,3288 days 03:02:22.504891,7 days 01:16:40.505436,0.5,FALSE,FALSE,FALSE,FALSE,FALSE,FALSE,FALSE,FALSE,FALSE,FALSE
dawenxiheluojia,TRUE,so-so,NA,NA,NA,NA,0,NA,NA,NA,NA,NA,NA,NA,NA,NA,NA,NA,NA,NA
cooding88888888,FALSE,high,9,0,0,0,0,341 days 07:00:54.504891,63 days 09:40:44.505436,1.5,TRUE,FALSE,FALSE,TRUE,TRUE,TRUE,FALSE,FALSE,FALSE,FALSE
time1010820,FALSE,high,4,0,0,1,0,224 days 07:33:40.504891,12 days 05:05:45.505436,0.95,FALSE,FALSE,TRUE,FALSE,FALSE,TRUE,TRUE,FALSE,TRUE,FALSE
hui08,FALSE,high,1,0,0,0,0,1577 days 06:18:06.504891,60 days 14:32:59.505436,0.5,FALSE,FALSE,FALSE,FALSE,FALSE,FALSE,FALSE,FALSE,FALSE,FALSE
0xtimliang,TRUE,low,0,0,0,0,0,92 days 06:55:57.504891,77 days 13:21:04.505436,1.15,TRUE,FALSE,FALSE,FALSE,FALSE,TRUE,FALSE,FALSE,FALSE,FALSE
forzaaista,TRUE,so-so,0,0,0,0,0,85 days 00:56:44.504891,85 days 00:56:44.505436,0.5,FALSE,FALSE,FALSE,FALSE,FALSE,FALSE,FALSE,FALSE,FALSE,FALSE
saeednazem,TRUE,so-so,0,0,0,0,1,95 days 06:40:43.504891,56 days 14:07:15.505436,0.5,FALSE,FALSE,FALSE,FALSE,TRUE,FALSE,FALSE,FALSE,FALSE,FALSE
zmlmoney,TRUE,high,1,0,0,0,0,246 days 07:06:10.504891,59 days 08:37:51.505436,0.5,FALSE,FALSE,FALSE,FALSE,FALSE,FALSE,FALSE,FALSE,FALSE,FALSE
as17806171901,FALSE,so-so,0,1,0,0,3,1390 days 22:41:42.504891,24 days 10:43:42.505436,1.5,TRUE,FALSE,TRUE,FALSE,TRUE,TRUE,FALSE,FALSE,FALSE,FALSE
qiulin078,FALSE,high,1,0,0,2,2,430 days 14:32:41.504891,44 days 09:04:19.505436,1.05,FALSE,FALSE,TRUE,FALSE,TRUE,TRUE,FALSE,FALSE,FALSE,FALSE
kamei-r,FALSE,low,3,0,0,0,0,469 days 16:27:32.504891,95 days 14:15:42.505436,1.3,FALSE,FALSE,TRUE,TRUE,TRUE,TRUE,FALSE,FALSE,TRUE,FALSE
vicexie,FALSE,so-so,1,0,0,0,0,342 days 14:00:04.504891,77 days 09:17:00.505436,0.5,FALSE,FALSE,FALSE,FALSE,FALSE,FALSE,FALSE,FALSE,FALSE,FALSE
dydx2021,TRUE,high,1,0,0,0,0,152 days 07:02:27.504891,152 days 07:02:27.505436,0.75,FALSE,FALSE,FALSE,TRUE,FALSE,FALSE,FALSE,FALSE,FALSE,FALSE
ilzc,FALSE,high,21,0,1,4,3,3766 days 07:59:03.504891,73 days 19:46:32.505436,1.45,FALSE,FALSE,FALSE,TRUE,TRUE,TRUE,TRUE,FALSE,TRUE,FALSE
sourabupadhya123,FALSE,high,8,1,0,0,3,652 days 07:30:24.504891,1 days 08:30:08.505436,1.5,TRUE,FALSE,TRUE,TRUE,TRUE,TRUE,FALSE,FALSE,FALSE,FALSE
ildarman1,TRUE,high,0,1,0,0,0,478 days 09:03:43.504891,38 days 23:08:35.505436,1.2,FALSE,FALSE,TRUE,FALSE,TRUE,TRUE,TRUE,FALSE,TRUE,FALSE
13857238876,FALSE,so-so,3,0,0,0,0,291 days 19:24:11.504891,53 days 10:22:35.505436,1.3,FALSE,FALSE,TRUE,TRUE,TRUE,TRUE,FALSE,FALSE,FALSE,FALSE
marcjoe,FALSE,high,4,2,0,0,3,381 days 15:00:05.504891,65 days 21:32:57.505436,1.5,TRUE,FALSE,FALSE,TRUE,TRUE,TRUE,TRUE,FALSE,FALSE,FALSE
zengmusk,TRUE,high,0,0,0,0,0,93 days 15:44:43.504891,65 days 21:18:10.505436,1.5,TRUE,FALSE,FALSE,FALSE,TRUE,TRUE,TRUE,FALSE,FALSE,FALSE
caglarm,FALSE,so-so,0,0,0,0,0,19 days 18:22:26.504891,19 days 18:22:26.505436,0.5,FALSE,FALSE,FALSE,FALSE,FALSE,FALSE,FALSE,FALSE,FALSE,FALSE
turkersoykan,TRUE,high,0,0,0,0,0,1304 days 14:52:18.504891,101 days 13:24:19.505436,0.5,FALSE,FALSE,FALSE,FALSE,FALSE,FALSE,FALSE,FALSE,FALSE,FALSE
18170622272,FALSE,so-so,2,1,0,0,1,268 days 05:37:41.504891,43 days 11:28:22.505436,1.5,TRUE,FALSE,TRUE,TRUE,FALSE,TRUE,FALSE,FALSE,TRUE,FALSE
sheloulou,TRUE,high,0,0,0,0,0,87 days 09:18:15.504891,87 days 09:18:15.505436,0.65,FALSE,FALSE,FALSE,FALSE,FALSE,TRUE,FALSE,FALSE,FALSE,FALSE
visualstudiotoad,TRUE,so-so,0,0,0,0,0,816 days 04:43:04.504891,40 days 01:02:09.505436,0.5,FALSE,FALSE,FALSE,FALSE,FALSE,FALSE,FALSE,FALSE,FALSE,FALSE
adamnilssonkaluti,FALSE,high,1,0,0,0,1,268 days 01:27:04.504891,207 days 04:15:41.505436,0.9,FALSE,FALSE,FALSE,FALSE,TRUE,FALSE,TRUE,FALSE,TRUE,FALSE
uaborsa,TRUE,high,0,0,0,0,0,77 days 06:10:35.504891,60 days 23:14:42.505436,0.8,FALSE,FALSE,TRUE,FALSE,FALSE,TRUE,FALSE,FALSE,FALSE,FALSE
yogi505263,FALSE,so-so,4,0,0,0,0,360 days 15:36:10.504891,76 days 16:15:21.505436,1.5,TRUE,FALSE,FALSE,TRUE,FALSE,TRUE,TRUE,FALSE,FALSE,FALSE
kevinclaudio,FALSE,high,7,0,0,0,1,341 days 14:10:15.504891,34 days 06:22:20.505436,1.5,TRUE,FALSE,FALSE,TRUE,TRUE,TRUE,FALSE,FALSE,TRUE,FALSE
twos2046,TRUE,high,4,0,0,6,3,1966 days 11:44:58.504891,8 days 17:11:36.505436,1.5,TRUE,FALSE,FALSE,FALSE,TRUE,TRUE,TRUE,FALSE,TRUE,FALSE
buraksahin38,TRUE,high,0,0,0,0,0,89 days 13:56:07.504891,89 days 13:56:07.505436,0.95,FALSE,FALSE,FALSE,FALSE,FALSE,TRUE,TRUE,FALSE,TRUE,FALSE
ppan1995,TRUE,high,1,0,0,0,0,77 days 17:03:22.504891,35 days 10:46:03.505436,1.5,TRUE,FALSE,TRUE,FALSE,FALSE,TRUE,TRUE,FALSE,TRUE,FALSE
bknight54,TRUE,high,0,0,0,0,0,77 days 15:03:37.504891,77 days 15:03:37.505436,0.5,FALSE,FALSE,FALSE,FALSE,FALSE,FALSE,FALSE,FALSE,FALSE,FALSE
kuepeliahmet,FALSE,low,6,0,2,7,3,552 days 08:45:55.504891,23 days 08:10:19.505436,1,FALSE,FALSE,FALSE,TRUE,TRUE,FALSE,FALSE,FALSE,FALSE,FALSE
jyonalee,FALSE,so-so,5,0,3,0,3,1375 days 04:32:47.504891,189 days 22:22:52.505436,0.75,FALSE,FALSE,FALSE,TRUE,FALSE,FALSE,FALSE,FALSE,FALSE,FALSE
1471966774,TRUE,high,0,0,0,0,0,1936 days 13:03:25.504891,0 days 07:25:03.505436,1.5,TRUE,FALSE,FALSE,TRUE,TRUE,TRUE,TRUE,FALSE,FALSE,FALSE
encarnacion-gutierrez,TRUE,high,0,0,0,0,0,77 days 09:56:00.504891,77 days 09:56:00.505436,0.5,FALSE,FALSE,FALSE,FALSE,FALSE,FALSE,FALSE,FALSE,FALSE,FALSE
abruckse,TRUE,high,0,0,0,0,0,96 days 23:44:54.504891,78 days 04:23:17.505436,1.2,FALSE,FALSE,FALSE,FALSE,TRUE,TRUE,TRUE,FALSE,FALSE,FALSE
cryptoseal007,TRUE,high,0,0,0,0,1,98 days 07:22:03.504891,2 days 13:33:06.505436,1.5,TRUE,FALSE,FALSE,TRUE,TRUE,TRUE,FALSE,FALSE,FALSE,FALSE
denizhansahin,TRUE,high,1,0,0,0,0,101 days 09:32:37.504891,32 days 08:04:28.505436,0.5,FALSE,FALSE,FALSE,FALSE,FALSE,FALSE,FALSE,FALSE,FALSE,FALSE
jackytan2018,FALSE,low,4,0,0,2,0,1065 days 14:36:48.504891,2 days 14:43:28.505436,0.65,FALSE,FALSE,FALSE,FALSE,FALSE,TRUE,FALSE,FALSE,FALSE,FALSE
snakeely,FALSE,so-so,0,0,0,0,0,331 days 04:20:55.504891,78 days 03:10:03.505436,1.3,TRUE,FALSE,FALSE,FALSE,FALSE,TRUE,FALSE,FALSE,FALSE,FALSE
0xkray,TRUE,high,0,0,0,0,0,85 days 05:46:18.504891,85 days 05:46:18.505436,0.5,FALSE,FALSE,FALSE,FALSE,FALSE,FALSE,FALSE,FALSE,FALSE,FALSE
rygielskibartosz,FALSE,so-so,0,0,0,0,0,1833 days 11:14:56.504891,232 days 09:12:37.505436,0.95,FALSE,FALSE,FALSE,FALSE,FALSE,TRUE,TRUE,FALSE,FALSE,FALSE
vipaimee,TRUE,high,0,0,0,0,0,101 days 19:13:43.504891,69 days 17:22:39.505436,1,TRUE,FALSE,FALSE,FALSE,FALSE,FALSE,FALSE,FALSE,FALSE,FALSE
qasak,FALSE,high,32,1,18,25,5,2554 days 12:45:51.504891,51 days 15:59:12.505436,1.5,TRUE,FALSE,TRUE,FALSE,TRUE,TRUE,FALSE,FALSE,TRUE,FALSE
zell168,TRUE,high,NA,NA,NA,NA,0,NA,NA,1.5,TRUE,FALSE,FALSE,TRUE,TRUE,TRUE,TRUE,FALSE,TRUE,FALSE
soundyn,TRUE,high,NA,NA,NA,NA,0,NA,NA,0.9,FALSE,FALSE,FALSE,TRUE,FALSE,TRUE,FALSE,FALSE,FALSE,FALSE
peitao-yang,TRUE,high,NA,NA,NA,NA,0,NA,NA,1.3,TRUE,FALSE,FALSE,FALSE,FALSE,TRUE,TRUE,FALSE,TRUE,FALSE
zeriana,FALSE,low,NA,NA,NA,NA,0,NA,NA,0.5,FALSE,FALSE,FALSE,FALSE,FALSE,FALSE,FALSE,FALSE,FALSE,FALSE
qq41762,TRUE,so-so,NA,NA,NA,NA,0,NA,NA,0.5,FALSE,FALSE,FALSE,FALSE,FALSE,FALSE,FALSE,FALSE,FALSE,FALSE
bidurs,FALSE,high,NA,NA,NA,NA,0,NA,NA,1.5,TRUE,FALSE,TRUE,TRUE,TRUE,TRUE,TRUE,FALSE,FALSE,FALSE
jianwangzheng,TRUE,high,NA,NA,NA,NA,0,NA,NA,1.4,TRUE,FALSE,FALSE,TRUE,FALSE,TRUE,FALSE,FALSE,FALSE,FALSE
unionepro,FALSE,low,NA,NA,NA,NA,0,NA,NA,1.15,TRUE,FALSE,FALSE,TRUE,TRUE,TRUE,FALSE,FALSE,FALSE,FALSE
okhui5,TRUE,so-so,NA,NA,NA,NA,0,NA,NA,1.15,FALSE,FALSE,FALSE,TRUE,TRUE,TRUE,FALSE,FALSE,FALSE,FALSE
gtcccsdss,TRUE,so-so,NA,NA,NA,NA,0,NA,NA,0.9,FALSE,FALSE,FALSE,TRUE,FALSE,TRUE,FALSE,FALSE,TRUE,FALSE
xiaomoxian1,FALSE,low,NA,NA,NA,NA,0,NA,NA,0.75,FALSE,FALSE,FALSE,TRUE,FALSE,FALSE,FALSE,FALSE,FALSE,FALSE
fewturefinance,TRUE,high,NA,NA,NA,NA,0,NA,NA,1.3,FALSE,FALSE,TRUE,TRUE,TRUE,TRUE,FALSE,FALSE,FALSE,FALSE
kutaibah,TRUE,so-so,NA,NA,NA,NA,0,NA,NA,0.5,FALSE,FALSE,FALSE,FALSE,FALSE,FALSE,FALSE,FALSE,FALSE,FALSE
baloofinancial,TRUE,high,NA,NA,NA,NA,0,NA,NA,0.5,FALSE,FALSE,FALSE,FALSE,FALSE,FALSE,FALSE,FALSE,FALSE,FALSE
yabirgb,FALSE,high,NA,NA,NA,NA,0,NA,NA,0.5,FALSE,FALSE,FALSE,FALSE,FALSE,FALSE,FALSE,FALSE,FALSE,FALSE
jonathanlindquist,FALSE,high,NA,NA,NA,NA,0,NA,NA,0.8,FALSE,FALSE,FALSE,FALSE,FALSE,TRUE,FALSE,FALSE,FALSE,FALSE
hudie,FALSE,so-so,NA,NA,NA,NA,0,NA,NA,1.35,FALSE,FALSE,TRUE,FALSE,TRUE,TRUE,TRUE,FALSE,FALSE,FALSE
gigec,TRUE,so-so,NA,NA,NA,NA,0,NA,NA,0.8,FALSE,FALSE,FALSE,FALSE,FALSE,TRUE,TRUE,FALSE,TRUE,FALSE
marklanse,TRUE,so-so,NA,NA,NA,NA,0,NA,NA,1.15,FALSE,FALSE,FALSE,TRUE,TRUE,TRUE,FALSE,FALSE,FALSE,FALSE
caishaowu,FALSE,low,NA,NA,NA,NA,0,NA,NA,1.5,TRUE,FALSE,FALSE,TRUE,FALSE,TRUE,TRUE,FALSE,FALSE,FALSE
alpselin,TRUE,high,NA,NA,NA,NA,0,NA,NA,0.5,FALSE,FALSE,FALSE,FALSE,FALSE,FALSE,FALSE,FALSE,FALSE,FALSE
chunchaolee,FALSE,so-so,NA,NA,NA,NA,0,NA,NA,0.75,FALSE,FALSE,FALSE,FALSE,TRUE,FALSE,FALSE,FALSE,FALSE,FALSE
alcitoeth,TRUE,high,NA,NA,NA,NA,0,NA,NA,1.5,FALSE,FALSE,TRUE,FALSE,FALSE,TRUE,TRUE,TRUE,FALSE,FALSE
0rmash,TRUE,so-so,NA,NA,NA,NA,0,NA,NA,0.75,FALSE,FALSE,FALSE,TRUE,FALSE,FALSE,FALSE,FALSE,FALSE,FALSE
cosmiccollusion,TRUE,high,NA,NA,NA,NA,0,NA,NA,0.5,FALSE,FALSE,FALSE,FALSE,FALSE,FALSE,FALSE,FALSE,FALSE,FALSE
joeljkrb,FALSE,low,NA,NA,NA,NA,0,NA,NA,1.5,FALSE,FALSE,TRUE,TRUE,TRUE,TRUE,TRUE,FALSE,TRUE,FALSE
wwy108,TRUE,low,NA,NA,NA,NA,0,NA,NA,1.5,TRUE,FALSE,TRUE,TRUE,TRUE,TRUE,TRUE,FALSE,TRUE,FALSE
miraculous22,TRUE,high,NA,NA,NA,NA,0,NA,NA,0.65,FALSE,FALSE,FALSE,FALSE,FALSE,TRUE,FALSE,FALSE,FALSE,FALSE
tgoerke,FALSE,high,NA,NA,NA,NA,0,NA,NA,1.5,TRUE,FALSE,FALSE,TRUE,TRUE,FALSE,FALSE,FALSE,FALSE,FALSE
laobaib,TRUE,high,NA,NA,NA,NA,0,NA,NA,0.5,FALSE,FALSE,FALSE,FALSE,FALSE,FALSE,FALSE,FALSE,FALSE,FALSE
bsmocovich,TRUE,high,NA,NA,NA,NA,0,NA,NA,0.9,FALSE,FALSE,TRUE,FALSE,TRUE,FALSE,FALSE,FALSE,FALSE,FALSE
puckkingcrypto,TRUE,high,NA,NA,NA,NA,0,NA,NA,0.5,FALSE,FALSE,FALSE,FALSE,FALSE,FALSE,FALSE,FALSE,FALSE,FALSE
stephenbyrne99,FALSE,high,NA,NA,NA,NA,0,NA,NA,1.25,TRUE,FALSE,FALSE,FALSE,TRUE,FALSE,FALSE,FALSE,FALSE,FALSE
feiyulc,FALSE,so-so,NA,NA,NA,NA,0,NA,NA,1.5,TRUE,FALSE,TRUE,TRUE,FALSE,TRUE,TRUE,FALSE,FALSE,FALSE
kevinyoung001,TRUE,high,NA,NA,NA,NA,0,NA,NA,1.5,TRUE,FALSE,FALSE,TRUE,TRUE,FALSE,FALSE,FALSE,TRUE,FALSE
cba2121,FALSE,so-so,NA,NA,NA,NA,0,NA,NA,1.5,FALSE,FALSE,TRUE,TRUE,TRUE,TRUE,TRUE,FALSE,FALSE,FALSE
ali65432111,TRUE,high,NA,NA,NA,NA,0,NA,NA,1.05,FALSE,FALSE,FALSE,FALSE,TRUE,TRUE,TRUE,FALSE,TRUE,FALSE
